# L-System: Arbusto Selvagem
v 0.0000 0.0000 0.0000
v 0.0000 0.3000 0.0000
v 0.0000 0.6000 0.0000
v -0.2009 0.8228 0.0000
v -0.2813 1.1118 0.0000
v 0.1262 0.8721 0.0000
v 0.1590 1.1704 0.0000
v 0.0192 0.8994 0.0000
v 0.0384 1.1988 0.0000
v -0.1447 1.4364 0.0000
v -0.2222 1.7262 0.0000
v 0.2043 1.4488 0.0000
v 0.2532 1.7447 0.0000
v -0.1615 1.4225 0.0000
v -0.3613 1.6462 0.0000
v -0.6613 1.6404 0.0000
v -0.9409 1.7491 0.0000
v -0.4821 1.9208 0.0000
v -0.7058 2.1207 0.0000
v -0.4910 1.9167 0.0000
v -0.6206 2.1873 0.0000
v -0.8934 2.3122 0.0000
v -1.0917 2.5374 0.0000
v -0.6074 2.4870 0.0000
v -0.6953 2.7738 0.0000
v 0.1766 1.4651 0.0000
v 0.3147 1.7314 0.0000
v 0.2271 2.0183 0.0000
v 0.2712 2.3150 0.0000
v 0.5485 1.9193 0.0000
v 0.6826 2.1877 0.0000
v 0.3312 2.0309 0.0000
v 0.3476 2.3305 0.0000
v 0.1619 2.5660 0.0000
v 0.0759 2.8535 0.0000
v 0.4679 2.6053 0.0000
v 0.4662 2.9053 0.0000
v 0.0565 1.4982 0.0000
v 0.0745 1.7977 0.0000
v 0.2845 2.0119 0.0000
v 0.4087 2.2850 0.0000
v 0.4082 2.5850 0.0000
v -0.0327 2.0779 0.0000
v -0.0019 2.3763 0.0000
v 0.1184 2.6512 0.0000
v 0.0817 2.0976 0.0000
v 0.0890 2.3975 0.0000
v -0.1192 2.6135 0.0000
v -0.2103 2.8993 0.0000
v 0.2279 2.6634 0.0000
v 0.2550 2.9622 0.0000
v -0.1482 2.5812 0.0000
v -0.3853 2.7649 0.0000
v -0.4197 3.0630 0.0000
v -0.5603 3.3280 0.0000
v -0.8038 3.5033 0.0000
v -0.6754 2.8415 0.0000
v -0.9197 3.0156 0.0000
v -1.0609 3.2803 0.0000
v -0.5333 3.0259 0.0000
v -0.6812 3.2869 0.0000
v -0.9733 3.3550 0.0000
v -1.2308 3.5091 0.0000
v -1.4280 3.7351 0.0000
v -0.7433 3.5804 0.0000
v -0.9323 3.8135 0.0000
v -1.1889 3.9689 0.0000
v 0.1968 2.6775 0.0000
v 0.3046 2.9574 0.0000
v 0.1945 3.2365 0.0000
v 0.2083 3.5361 0.0000
v 0.4823 3.1991 0.0000
v 0.5644 3.4877 0.0000
v 0.2668 3.2550 0.0000
v 0.2290 3.5526 0.0000
v 0.3992 3.7997 0.0000
v 0.4485 4.0956 0.0000
v 0.3598 4.3822 0.0000
v 0.0714 3.8079 0.0000
v -0.0009 4.0990 0.0000
v 0.0430 4.3958 0.0000
v -0.1502 2.5785 0.0000
v -0.3895 2.7595 0.0000
v -0.4323 3.0565 0.0000
v -0.5667 3.3246 0.0000
v -0.7777 3.5380 0.0000
v -0.6722 2.8600 0.0000
v -0.8847 3.0717 0.0000
v -0.9763 3.3574 0.0000
v -0.6202 2.9513 0.0000
v -0.8509 3.1430 0.0000
v -1.1476 3.0983 0.0000
v -1.4344 3.1863 0.0000
v -1.0140 3.3948 0.0000
v -1.2596 3.5671 0.0000
v -1.1473 3.0964 0.0000
v -1.4437 3.0498 0.0000
v -1.6651 3.2522 0.0000
v -1.9533 3.3355 0.0000
v -2.2518 3.3058 0.0000
v -1.7086 2.9091 0.0000
v -2.0079 2.8881 0.0000
v -2.2858 3.0011 0.0000
v -1.7394 3.0999 0.0000
v -2.0352 3.1500 0.0000
v -2.1766 3.4146 0.0000
v -2.4180 3.5926 0.0000
v -2.7089 3.6660 0.0000
v -2.3343 3.1264 0.0000
v -2.6222 3.2107 0.0000
v -2.8486 3.4076 0.0000
v -2.2834 3.3186 0.0000
v -2.5316 3.4871 0.0000
v -2.8148 3.3882 0.0000
v -3.1148 3.3848 0.0000
v -2.7389 3.7040 0.0000
v -3.0041 3.8442 0.0000
v -1.0122 3.3960 0.0000
v -1.1735 3.6490 0.0000
v -1.4722 3.6765 0.0000
v -1.7371 3.8173 0.0000
v -1.2509 3.9388 0.0000
v -1.4471 4.1658 0.0000
v -1.4436 3.7794 0.0000
v -1.7137 3.9099 0.0000
v -1.9974 3.8122 0.0000
v -2.2972 3.8221 0.0000
v -1.9300 4.1179 0.0000
v -2.2061 4.2351 0.0000
v -2.0135 3.8993 0.0000
v -2.3133 3.8886 0.0000
v -2.5380 3.6899 0.0000
v -2.8261 3.6062 0.0000
v -3.1250 3.6328 0.0000
v -2.5888 4.0076 0.0000
v -2.8874 4.0361 0.0000
v -3.1709 3.9379 0.0000
v -1.0456 3.3713 0.0000
v -1.2403 3.5995 0.0000
v -1.5403 3.6019 0.0000
v -1.8140 3.7246 0.0000
v -2.0375 3.9248 0.0000
v -1.3357 3.8840 0.0000
v -1.5144 4.1249 0.0000
v -1.7716 4.2793 0.0000
v -1.4297 3.8321 0.0000
v -1.6192 4.0647 0.0000
v -1.6093 4.3646 0.0000
v -1.6977 4.6512 0.0000
v -1.8824 4.8876 0.0000
v -1.8979 4.1757 0.0000
v -2.0950 4.4019 0.0000
v -2.1677 4.6930 0.0000
v -1.9186 4.0837 0.0000
v -2.2180 4.1026 0.0000
v -2.3943 4.3454 0.0000
v -2.6485 4.5047 0.0000
v -2.9459 4.5439 0.0000
v -2.5117 4.0416 0.0000
v -2.8017 4.1185 0.0000
v -3.0505 4.2861 0.0000
v -2.4693 4.2665 0.0000
v -2.7206 4.4304 0.0000
v -3.0159 4.3774 0.0000
v -3.3130 4.4186 0.0000
v -2.8748 4.6877 0.0000
v -3.1180 4.8633 0.0000
v -1.7414 4.3387 0.0000
v -1.8637 4.6127 0.0000
v -2.1549 4.6848 0.0000
v -2.3931 4.8671 0.0000
v -1.9309 4.9051 0.0000
v -2.1107 5.1452 0.0000
v -2.0964 4.8020 0.0000
v -2.3291 4.9913 0.0000
v -2.6230 4.9313 0.0000
v -2.9147 5.0014 0.0000
v -2.5185 5.2240 0.0000
v -2.7840 5.3636 0.0000
v 0.1363 2.6938 0.0000
v 0.1836 2.9900 0.0000
v -0.0142 3.2156 0.0000
v -0.1008 3.5028 0.0000
v -0.0704 3.8012 0.0000
v 0.3478 3.2411 0.0000
v 0.3869 3.5385 0.0000
v 0.2857 3.8209 0.0000
v 0.2150 3.2884 0.0000
v 0.2463 3.5867 0.0000
v 0.0208 3.7846 0.0000
v -0.0948 4.0614 0.0000
v -0.0704 4.3604 0.0000
v 0.3548 3.8664 0.0000
v 0.3728 4.1659 0.0000
v 0.2726 4.4486 0.0000
v 0.0328 3.7975 0.0000
v -0.1807 4.0082 0.0000
v -0.4807 4.0108 0.0000
v -0.7643 4.1086 0.0000
v -0.9863 4.3104 0.0000
v -0.3040 4.2817 0.0000
v -0.5195 4.4904 0.0000
v -0.7980 4.6020 0.0000
v -0.3094 4.2792 0.0000
v -0.4381 4.5502 0.0000
v -0.3457 4.8356 0.0000
v -0.3666 5.1349 0.0000
v -0.4971 5.4050 0.0000
v -0.6799 4.7277 0.0000
v -0.8519 4.9735 0.0000
v -0.8913 5.2709 0.0000
v 0.4102 3.8380 0.0000
v 0.5741 4.0893 0.0000
v 0.5344 4.3866 0.0000
v 0.5881 4.6818 0.0000
v 0.8346 4.2381 0.0000
v 1.0375 4.4590 0.0000
v 0.6242 4.3850 0.0000
v 0.6742 4.6808 0.0000
v 0.5070 4.9299 0.0000
v 0.4429 5.2229 0.0000
v 0.4979 5.5179 0.0000
v 0.8486 4.9250 0.0000
v 0.8947 5.2214 0.0000
v 0.8462 5.5174 0.0000
v 0.1357 3.8656 0.0000
v 0.0252 4.1445 0.0000
v 0.1531 4.4158 0.0000
v 0.1421 4.7156 0.0000
v 0.0321 4.9947 0.0000
v -0.1726 4.3700 0.0000
v -0.2630 4.6561 0.0000
v -0.2327 4.9546 0.0000
v -0.0764 4.4268 0.0000
v -0.1779 4.7091 0.0000
v -0.0432 4.9771 0.0000
v -0.0082 5.2751 0.0000
v -0.0817 5.5660 0.0000
v -0.3778 4.9328 0.0000
v -0.4823 5.2140 0.0000
v -0.4593 5.5131 0.0000
v -0.4553 4.8234 0.0000
v -0.7326 4.9377 0.0000
v -0.9940 4.7905 0.0000
v -1.2909 4.7471 0.0000
v -1.5769 4.8376 0.0000
v -0.9615 5.1317 0.0000
v -1.2471 5.2235 0.0000
v -1.5443 5.1829 0.0000
v -0.9559 5.1381 0.0000
v -1.1793 5.3384 0.0000
v -1.4738 5.2813 0.0000
v -1.7697 5.3305 0.0000
v -2.0254 5.4875 0.0000
v -1.3027 5.6118 0.0000
v -1.5154 5.8234 0.0000
v -1.7890 5.9465 0.0000
v -1.2970 5.6143 0.0000
v -1.4148 5.8902 0.0000
v -1.6783 6.0337 0.0000
v -1.8528 6.2777 0.0000
v -1.4105 6.1902 0.0000
v -1.5307 6.4650 0.0000
v -0.1527 5.0080 0.0000
v -0.1275 5.3069 0.0000
v -0.3389 5.5198 0.0000
v -0.4582 5.7951 0.0000
v -0.0199 5.5870 0.0000
v -0.0352 5.8866 0.0000
v -0.2381 5.5858 0.0000
v -0.3487 5.8647 0.0000
v -0.6106 6.0110 0.0000
v -0.7806 6.2582 0.0000
v -0.3204 6.1634 0.0000
v -0.4002 6.4525 0.0000
v -0.5219 6.1096 0.0000
v -0.6951 6.3546 0.0000
v -0.9931 6.3897 0.0000
v -1.2462 6.5507 0.0000
v -1.4211 6.7944 0.0000
v -0.8007 6.6354 0.0000
v -1.0074 6.8528 0.0000
v -1.2847 6.9674 0.0000
v 0.0308 2.6918 0.0000
v -0.0275 2.9861 0.0000
v -0.2828 3.1436 0.0000
v -0.4731 3.3755 0.0000
v 0.0341 3.2797 0.0000
v -0.0437 3.5694 0.0000
v -0.0782 3.2818 0.0000
v -0.1290 3.5774 0.0000
v -0.3648 3.7629 0.0000
v -0.4889 4.0360 0.0000
v -0.4865 4.3360 0.0000
v -0.0321 3.8613 0.0000
v -0.0509 4.1608 0.0000
v -0.1715 4.4355 0.0000
v -0.3683 3.7584 0.0000
v -0.6075 3.9394 0.0000
v -0.6183 4.2392 0.0000
v -0.7475 4.5100 0.0000
v -0.9671 4.7144 0.0000
v -0.9010 4.0018 0.0000
v -1.1472 4.1732 0.0000
v -1.3154 4.4216 0.0000
v -0.7365 4.2103 0.0000
v -0.8655 4.4811 0.0000
v -1.1336 4.6159 0.0000
v -1.3433 4.8304 0.0000
v -0.8513 4.7808 0.0000
v -0.9578 5.0613 0.0000
v -0.8472 4.7806 0.0000
v -0.8288 5.0800 0.0000
v -0.5972 5.2707 0.0000
v -0.4497 5.5319 0.0000
v -0.4198 5.8305 0.0000
v -0.9275 5.3633 0.0000
v -0.9136 5.6630 0.0000
v -0.8042 5.9423 0.0000
v -0.0469 3.8660 0.0000
v 0.0353 4.1545 0.0000
v -0.0984 4.4231 0.0000
v -0.1004 4.7231 0.0000
v 0.2303 4.3825 0.0000
v 0.3125 4.6710 0.0000
v 0.0184 4.4540 0.0000
v 0.0015 4.7536 0.0000
v 0.2095 4.9697 0.0000
v 0.3279 5.2454 0.0000
v 0.3393 5.5452 0.0000
v -0.1320 5.0222 0.0000
v -0.1639 5.3205 0.0000
v -0.0674 5.6045 0.0000
v -0.1321 5.0222 0.0000
v -0.2657 5.2907 0.0000
v -0.1729 5.5760 0.0000
v -0.2095 5.8738 0.0000
v -0.3384 6.1447 0.0000
v -0.5232 5.4447 0.0000
v -0.6857 5.6969 0.0000
v -0.7456 5.9908 0.0000
v -0.1728 3.8742 0.0000
v -0.2166 4.1710 0.0000
v -0.4674 4.3356 0.0000
v -0.6268 4.5898 0.0000
v -0.0945 4.4450 0.0000
v -0.0831 4.7448 0.0000
v -0.2296 4.4707 0.0000
v -0.2426 4.7704 0.0000
v -0.4544 4.9829 0.0000
v -0.5900 5.2505 0.0000
v -0.1452 5.0542 0.0000
v -0.1832 5.3518 0.0000
v -0.4463 4.9907 0.0000
v -0.6499 5.2110 0.0000
v -0.9496 5.2243 0.0000
v -1.2206 5.3531 0.0000
v -0.7374 5.4979 0.0000
v -0.9115 5.7423 0.0000
v -0.7039 5.5061 0.0000
v -0.7580 5.8012 0.0000
v -1.0097 5.9644 0.0000
v -1.1998 6.1965 0.0000
v -0.7222 6.0990 0.0000
v -0.8118 6.3853 0.0000
v -0.7061 6.0967 0.0000
v -0.6543 6.3921 0.0000
v -0.8278 6.6369 0.0000
v -0.9030 6.9273 0.0000
v -0.8638 7.2247 0.0000
v -0.4833 6.6386 0.0000
v -0.4312 6.9341 0.0000
v -0.5151 7.2221 0.0000
v -0.1649 5.0602 0.0000
v -0.0871 5.3500 0.0000
v 0.1774 5.4915 0.0000
v 0.3870 5.7061 0.0000
v 0.5066 5.9812 0.0000
v -0.1037 5.6495 0.0000
v -0.0003 5.9311 0.0000
v 0.1858 6.1664 0.0000
v -0.0896 5.6500 0.0000
v -0.0921 5.9499 0.0000
v -0.2976 6.1685 0.0000
v -0.4022 6.4497 0.0000
v -0.3755 6.7485 0.0000
v 0.0135 6.2308 0.0000
v 0.0125 6.5308 0.0000
v -0.0820 6.8155 0.0000
v -0.1940 6.2321 0.0000
v -0.2959 6.5143 0.0000
v -0.5673 6.6420 0.0000
v -0.7751 6.8584 0.0000
v -0.2482 6.8105 0.0000
v -0.2991 7.1061 0.0000
v -0.0604 5.0088 0.0000
v 0.1219 5.2471 0.0000
v 0.4197 5.2830 0.0000
v 0.6777 5.4362 0.0000
v 0.8689 5.6673 0.0000
v 0.1897 5.5393 0.0000
v 0.3644 5.7832 0.0000
v 0.6199 5.9405 0.0000
v 0.2936 5.4931 0.0000
v 0.4653 5.7390 0.0000
v 0.7573 5.8082 0.0000
v 0.9942 5.9923 0.0000
v 1.1425 6.2530 0.0000
v 0.4979 6.0373 0.0000
v 0.6524 6.2944 0.0000
v 0.8859 6.4829 0.0000
v 0.4284 6.0368 0.0000
v 0.3915 6.3345 0.0000
v 0.5656 6.5788 0.0000
v 0.6143 6.8748 0.0000
v 0.5411 7.1657 0.0000
v 0.2219 6.5820 0.0000
v 0.1821 6.8793 0.0000
v 0.2437 7.1729 0.0000
v 0.4417 6.6303 0.0000
v 0.4919 6.9260 0.0000
v 0.3112 7.1655 0.0000
v 0.2488 7.4590 0.0000
v 0.6428 7.1853 0.0000
v 0.7018 7.4794 0.0000
v 0.6184 7.1980 0.0000
v 0.7450 7.4700 0.0000
v 0.6629 7.7586 0.0000
v 0.6895 8.0574 0.0000
v 0.9766 7.6607 0.0000
v 1.1210 7.9237 0.0000
v 0.7202 5.8973 0.0000
v 0.9750 6.0556 0.0000
v 1.2742 6.0340 0.0000
v 1.5621 6.1184 0.0000
v 1.8094 6.2882 0.0000
v 1.1192 6.3187 0.0000
v 1.3575 6.5010 0.0000
v 1.6503 6.5662 0.0000
v 1.0934 6.3313 0.0000
v 1.2117 6.6070 0.0000
v 1.1166 6.8915 0.0000
v 1.1483 7.1898 0.0000
v 1.3004 7.4484 0.0000
v 1.4362 6.8060 0.0000
v 1.5514 7.0830 0.0000
v 1.5306 7.3823 0.0000
v 1.2285 6.9065 0.0000
v 1.2454 7.2060 0.0000
v 1.4688 7.4063 0.0000
v 1.6059 7.6731 0.0000
v 1.6187 7.9729 0.0000
v 1.1287 7.4824 0.0000
v 1.1338 7.7824 0.0000
v 1.2689 8.0502 0.0000
v 0.5143 6.0350 0.0000
v 0.5633 6.3310 0.0000
v 0.8042 6.5097 0.0000
v 0.9417 6.7764 0.0000
v 0.9920 7.0721 0.0000
v 0.5109 6.6264 0.0000
v 0.5901 6.9157 0.0000
v 0.7714 7.1548 0.0000
v 0.6348 6.6223 0.0000
v 0.7063 6.9137 0.0000
v 0.5308 7.1570 0.0000
v 0.4705 7.4509 0.0000
v 0.5347 7.7439 0.0000
v 0.8659 7.1677 0.0000
v 0.9257 7.4617 0.0000
v 0.8819 7.7585 0.0000
v 0.5810 7.1863 0.0000
v 0.4556 7.4588 0.0000
v 0.5657 7.7379 0.0000
v 0.5605 8.0378 0.0000
v 0.4341 8.3099 0.0000
v 0.2296 7.6560 0.0000
v 0.0852 7.9190 0.0000
v 0.0590 8.2179 0.0000
v 0.4426 7.7585 0.0000
v 0.4296 8.0583 0.0000
v 0.1942 8.2442 0.0000
v 0.0701 8.5173 0.0000
v 0.5142 8.3461 0.0000
v 0.4758 8.6436 0.0000
v 0.4883 8.3525 0.0000
v 0.5470 8.6467 0.0000
v 0.3611 8.8821 0.0000
v 0.2908 9.1737 0.0000
v 0.3479 9.4683 0.0000
v 0.6581 8.9253 0.0000
v 0.6543 9.2253 0.0000
v 0.5478 9.5058 0.0000
v 0.9097 7.1342 0.0000
v 1.1131 7.3547 0.0000
v 1.0931 7.6541 0.0000
v 1.1719 7.9435 0.0000
v 1.3852 7.4811 0.0000
v 1.5930 7.6975 0.0000
v 1.2121 7.6379 0.0000
v 1.3111 7.9211 0.0000
v 1.5833 8.0472 0.0000
v 1.7930 8.2617 0.0000
v 1.8841 8.5476 0.0000
v 1.2824 8.2198 0.0000
v 1.3634 8.5086 0.0000
v 1.5481 8.7450 0.0000
v 1.2788 8.2194 0.0000
v 1.2466 8.5177 0.0000
v 1.0044 8.6947 0.0000
v 0.8436 8.9480 0.0000
v 0.8023 9.2451 0.0000
v 1.3542 8.7977 0.0000
v 1.3269 9.0964 0.0000
v 1.1883 9.3625 0.0000
v 0.7043 7.2137 0.0000
v 0.7023 7.5137 0.0000
v 0.9260 7.7136 0.0000
v 1.0627 7.9806 0.0000
v 1.0671 8.2806 0.0000
v 0.6172 7.8014 0.0000
v 0.6736 8.0960 0.0000
v 0.8237 8.3558 0.0000
v 0.7268 7.8127 0.0000
v 0.7513 8.1117 0.0000
v 0.9818 8.3036 0.0000
v 1.1419 8.5574 0.0000
v 1.1962 8.8524 0.0000
v 0.6813 8.4034 0.0000
v 0.7413 8.6974 0.0000
v 0.8933 8.9560 0.0000
v 0.5579 8.3410 0.0000
v 0.3645 8.5704 0.0000
v 0.0667 8.6061 0.0000
v -0.2005 8.7426 0.0000
v 0.2632 8.8528 0.0000
v 0.0732 9.0850 0.0000
v 0.2949 8.8622 0.0000
v 0.2252 9.1540 0.0000
v -0.0353 9.3028 0.0000
v -0.2143 9.5435 0.0000
v -0.2804 9.8361 0.0000
v 0.2904 9.4468 0.0000
v 0.2400 9.7426 0.0000
v 0.0931 10.0042 0.0000
v 0.8398 8.3983 0.0000
v 0.9283 8.6850 0.0000
v 0.8021 8.9571 0.0000
v 0.7955 9.2571 0.0000
v 1.1026 8.9291 0.0000
v 1.1847 9.2177 0.0000
v 0.8611 8.9773 0.0000
v 0.7939 9.2697 0.0000
v 0.9624 9.5179 0.0000
v 1.0480 9.8054 0.0000
v 0.9929 10.1003 0.0000
v 0.6282 9.5198 0.0000
v 0.5508 9.8097 0.0000
v 0.5981 10.1059 0.0000
v -0.3778 5.0382 0.0000
v -0.5131 5.3060 0.0000
v -0.4422 5.5975 0.0000
v -0.4759 5.8956 0.0000
v -0.6304 6.1527 0.0000
v -0.7413 5.5007 0.0000
v -0.8753 5.7692 0.0000
v -0.8992 6.0682 0.0000
v -0.6675 5.5632 0.0000
v -0.8218 5.8205 0.0000
v -1.1076 5.9117 0.0000
v -1.3252 6.1182 0.0000
v -0.8338 6.1202 0.0000
v -0.9414 6.4003 0.0000
v -1.1094 5.9060 0.0000
v -1.3969 5.9915 0.0000
v -1.5482 6.2506 0.0000
v -1.7841 6.4359 0.0000
v -2.0681 6.5326 0.0000
v -1.6878 5.9181 0.0000
v -1.9853 5.9569 0.0000
v -2.2441 6.1086 0.0000
v -1.6503 6.1522 0.0000
v -1.9036 6.3128 0.0000
v -1.9750 6.6042 0.0000
v -2.1654 6.8361 0.0000
v -2.4283 6.9806 0.0000
v -2.1917 6.3967 0.0000
v -2.4326 6.5755 0.0000
v -2.5963 6.8269 0.0000
v -0.8420 6.1198 0.0000
v -0.8622 6.4191 0.0000
v -0.6992 6.6710 0.0000
v -0.6440 6.9658 0.0000
v -0.6812 7.2635 0.0000
v -1.0321 6.6664 0.0000
v -1.1181 6.9538 0.0000
v -1.0620 7.2485 0.0000
v -1.0472 6.6553 0.0000
v -1.2323 6.8914 0.0000
v -1.1948 7.1890 0.0000
v -1.2630 7.4812 0.0000
v -1.4583 7.7089 0.0000
v -1.4831 7.0559 0.0000
v -1.6346 7.3149 0.0000
v -1.6765 7.6119 0.0000
v -0.8135 6.1204 0.0000
v -0.8052 6.4203 0.0000
v -1.0027 6.6461 0.0000
v -1.1224 6.9211 0.0000
v -1.1402 7.2206 0.0000
v -0.7131 6.7058 0.0000
v -0.7447 7.0041 0.0000
v -0.8923 7.2653 0.0000
v -0.8258 6.7195 0.0000
v -0.8464 7.0188 0.0000
v -1.0465 7.2423 0.0000
v -1.1556 7.5218 0.0000
v -1.1630 7.8217 0.0000
v -0.7472 7.3020 0.0000
v -0.7389 7.6019 0.0000
v -0.8316 7.8872 0.0000
v -0.6684 7.2604 0.0000
v -0.4904 7.5019 0.0000
v -0.1916 7.5287 0.0000
v 0.0786 7.6589 0.0000
v 0.2618 7.8965 0.0000
v -0.4299 7.7957 0.0000
v -0.2789 8.0549 0.0000
v -0.0549 8.2546 0.0000
v -0.4259 7.7949 0.0000
v -0.3614 8.0878 0.0000
v -0.5195 8.3428 0.0000
v -0.5900 8.6344 0.0000
v -0.5646 8.9333 0.0000
v -0.2224 8.3537 0.0000
v -0.2069 8.6533 0.0000
v -0.2943 8.9403 0.0000
v -0.4147 8.3831 0.0000
v -0.4679 8.6783 0.0000
v -0.3145 8.9361 0.0000
v -0.2509 9.2293 0.0000
v -0.3181 9.5217 0.0000
v -0.6246 8.9341 0.0000
v -0.6762 9.2296 0.0000
v -0.6172 9.5238 0.0000
v -1.0047 7.2736 0.0000
v -1.1631 7.5284 0.0000
v -1.4464 7.6271 0.0000
v -1.6682 7.8291 0.0000
v -1.2063 7.8253 0.0000
v -1.3390 8.0943 0.0000
v -1.2236 7.8223 0.0000
v -1.2840 8.1161 0.0000
v -1.1051 8.3569 0.0000
v -1.0161 8.6434 0.0000
v -1.0386 8.9426 0.0000
v -1.4365 8.3745 0.0000
v -1.4730 8.6723 0.0000
v -1.4043 8.9643 0.0000
v -1.2286 8.4109 0.0000
v -1.1731 8.7058 0.0000
v -0.9389 8.8932 0.0000
v -0.7802 9.1478 0.0000
v -0.7379 9.4448 0.0000
v -1.2383 8.9986 0.0000
v -1.1721 9.2912 0.0000
v -0.9801 9.5217 0.0000
v -0.8001 7.3152 0.0000
v -0.7538 7.6117 0.0000
v -0.9483 7.8401 0.0000
v -1.0387 8.1261 0.0000
v -0.5713 7.8498 0.0000
v -0.5155 8.1445 0.0000
v -0.6934 7.9055 0.0000
v -0.6331 8.1994 0.0000
v -0.3919 8.3778 0.0000
v -0.2564 8.6455 0.0000
v -0.2139 8.9424 0.0000
v -0.6523 8.4988 0.0000
v -0.5510 8.7811 0.0000
v -0.3443 8.9985 0.0000
v -0.7930 8.4532 0.0000
v -0.9528 8.7071 0.0000
v -0.8910 9.0006 0.0000
v -0.9416 9.2963 0.0000
v -1.1165 9.5401 0.0000
v -1.1948 8.8844 0.0000
v -1.3329 9.1507 0.0000
v -1.3600 9.4495 0.0000
v -0.9954 9.0040 0.0000
v -1.0379 9.3010 0.0000
v -1.2982 9.4502 0.0000
v -1.4704 9.6959 0.0000
v -0.9936 9.5977 0.0000
v -1.0605 9.8902 0.0000
v -1.0095 9.5996 0.0000
v -0.9810 9.8983 0.0000
v -1.1923 10.1113 0.0000
v -1.2938 10.3936 0.0000
v -1.2962 10.6936 0.0000
v -0.8709 10.1773 0.0000
v -0.8625 10.4772 0.0000
v -0.9676 10.7582 0.0000
v -0.4933 8.4648 0.0000
v -0.3535 8.7303 0.0000
v -0.0684 8.8237 0.0000
v 0.1473 9.0322 0.0000
v 0.2497 9.3141 0.0000
v -0.3714 9.0297 0.0000
v -0.2498 9.3039 0.0000
v -0.0356 9.5140 0.0000
v -0.3254 9.0290 0.0000
v -0.2973 9.3276 0.0000
v -0.0638 9.5161 0.0000
v 0.0985 9.7683 0.0000
v 0.1645 10.0610 0.0000
v -0.3434 9.6241 0.0000
v -0.2733 9.9158 0.0000
v -0.0848 10.1491 0.0000
v -0.3723 9.6181 0.0000
v -0.4474 9.9086 0.0000
v -0.7196 10.0347 0.0000
v -0.9052 10.2703 0.0000
v -0.9619 10.5649 0.0000
v -0.3978 10.2044 0.0000
v -0.4719 10.4952 0.0000
v -0.6527 10.7345 0.0000
v -0.1080 5.0386 0.0000
v 0.0265 5.3067 0.0000
v -0.0584 5.5944 0.0000
v -0.0336 5.8934 0.0000
v 0.1230 6.1493 0.0000
v 0.2683 5.4843 0.0000
v 0.4095 5.7490 0.0000
v 0.4615 6.0445 0.0000
v 0.1944 5.5553 0.0000
v 0.3623 5.8040 0.0000
v 0.6584 5.8523 0.0000
v 0.9105 6.0148 0.0000
v 1.0904 6.2549 0.0000
v 0.4433 6.0928 0.0000
v 0.6235 6.3327 0.0000
v 0.8853 6.4791 0.0000
v 0.3130 6.0999 0.0000
v 0.2638 6.3959 0.0000
v 0.0114 6.5580 0.0000
v -0.1569 6.8064 0.0000
v -0.2160 7.1005 0.0000
v 0.2735 6.6957 0.0000
v 0.1747 6.9790 0.0000
v -0.0075 7.2173 0.0000
v 0.2823 6.6953 0.0000
v 0.3008 6.9947 0.0000
v 0.0966 7.2144 0.0000
v 0.0062 7.5005 0.0000
v 0.4385 7.2613 0.0000
v 0.4549 7.5608 0.0000
v 0.6215 5.9550 0.0000
v 0.8807 6.1059 0.0000
v 1.1786 6.0705 0.0000
v 1.4713 6.1363 0.0000
v 1.7206 6.3032 0.0000
v 1.0457 6.3565 0.0000
v 1.3023 6.5120 0.0000
v 1.5956 6.5749 0.0000
v 1.0203 6.3715 0.0000
v 1.1598 6.6371 0.0000
v 1.0799 6.9263 0.0000
v 1.0949 7.2259 0.0000
v 1.2286 7.4944 0.0000
v 1.3856 6.8347 0.0000
v 1.5348 7.0949 0.0000
v 1.5602 7.3939 0.0000
v 0.5445 6.0423 0.0000
v 0.7268 6.2806 0.0000
v 0.6539 6.5716 0.0000
v 0.7064 6.8669 0.0000
v 0.8491 7.1308 0.0000
v 0.9818 6.4386 0.0000
v 1.1363 6.6957 0.0000
v 1.1557 6.9951 0.0000
v 0.8903 6.5321 0.0000
v 1.0538 6.7836 0.0000
v 1.0370 7.0831 0.0000
v 1.1228 7.3706 0.0000
v 1.3007 7.6122 0.0000
v 1.3224 6.9172 0.0000
v 1.5143 7.1479 0.0000
v 1.5969 7.4363 0.0000
v 1.0530 7.0836 0.0000
v 1.0522 7.3836 0.0000
v 0.8457 7.6012 0.0000
v 0.7186 7.8729 0.0000
v 0.6841 8.1709 0.0000
v 1.1583 7.6642 0.0000
v 1.1678 7.9641 0.0000
v 1.0820 8.2516 0.0000
v 1.1939 7.6480 0.0000
v 1.3356 7.9125 0.0000
v 1.2686 8.2049 0.0000
v 1.3349 8.4975 0.0000
v 1.4967 8.7501 0.0000
v 1.5918 8.0685 0.0000
v 1.7675 8.3117 0.0000
v 1.8120 8.6084 0.0000
v 1.3314 6.8975 0.0000
v 1.6089 7.0113 0.0000
v 1.8870 6.8987 0.0000
v 2.1868 6.8868 0.0000
v 2.4682 6.9907 0.0000
v 1.8527 7.1862 0.0000
v 2.1496 7.2295 0.0000
v 2.4425 7.1650 0.0000
v 1.8544 7.1839 0.0000
v 2.0998 7.3564 0.0000
v 2.3992 7.3383 0.0000
v 2.6896 7.4136 0.0000
v 2.9286 7.5950 0.0000
v 2.2152 7.6333 0.0000
v 2.4350 7.8375 0.0000
v 2.7222 7.9241 0.0000
v 1.3537 6.7922 0.0000
v 1.6536 6.8007 0.0000
v 1.8668 7.0118 0.0000
v 2.1395 7.1368 0.0000
v 1.9263 6.6758 0.0000
v 2.2260 6.6614 0.0000
v 1.9535 6.8092 0.0000
v 2.2534 6.8177 0.0000
v 2.4867 7.0063 0.0000
v 2.7791 7.0733 0.0000
v 3.0780 7.0481 0.0000
v 2.5229 6.6860 0.0000
v 2.8229 6.6870 0.0000
v 3.0909 6.8218 0.0000
v 2.4767 7.0180 0.0000
v 2.7001 7.2183 0.0000
v 2.9992 7.1949 0.0000
v 3.2834 7.2908 0.0000
v 3.4965 7.5020 0.0000
v 2.8283 7.4895 0.0000
v 3.0432 7.6987 0.0000
v 3.3181 7.8189 0.0000
v 2.9901 7.2952 0.0000
v 3.2800 7.3721 0.0000
v 3.5377 7.2184 0.0000
v 3.8330 7.1655 0.0000
v 4.1285 7.2170 0.0000
v 3.5088 7.5662 0.0000
v 3.7989 7.6424 0.0000
v 4.0953 7.5961 0.0000
v 2.5174 6.6753 0.0000
v 2.7814 6.5329 0.0000
v 3.0726 6.6050 0.0000
v 3.3699 6.5644 0.0000
v 2.9373 6.2765 0.0000
v 3.1824 6.1035 0.0000
v 3.0773 6.4832 0.0000
v 3.3731 6.4335 0.0000
v 3.5722 6.2090 0.0000
v 3.8325 6.0599 0.0000
v 4.1275 6.0051 0.0000
v 3.6594 6.5232 0.0000
v 3.9589 6.5055 0.0000
v 4.2214 6.3602 0.0000
v 2.5430 6.8957 0.0000
v 2.8327 6.9737 0.0000
v 2.9575 7.2466 0.0000
v 3.1892 7.4371 0.0000
v 3.1253 6.9074 0.0000
v 3.4160 6.9814 0.0000
v 3.1233 7.0483 0.0000
v 3.4139 7.1228 0.0000
v 3.6693 6.9653 0.0000
v 3.9651 6.9158 0.0000
v 4.2590 6.9764 0.0000
v 3.6377 7.3226 0.0000
v 3.9167 7.4329 0.0000
v 4.2164 7.4207 0.0000
v 3.5359 7.3969 0.0000
v 3.6578 7.6710 0.0000
v 3.9372 7.7803 0.0000
v 4.1437 7.9979 0.0000
v 4.2505 8.2783 0.0000
v 3.6714 7.9706 0.0000
v 3.8179 8.2324 0.0000
v 4.0404 8.4337 0.0000
v 3.8829 7.8692 0.0000
v 4.1081 8.0675 0.0000
v 4.1159 8.3674 0.0000
v 4.2335 8.6434 0.0000
v 4.4580 8.8425 0.0000
v 4.3830 8.1876 0.0000
v 4.5843 8.4100 0.0000
v 4.7022 8.6859 0.0000
v 4.3827 8.1882 0.0000
v 4.6573 8.3090 0.0000
v 4.9410 8.2114 0.0000
v 5.2410 8.2045 0.0000
v 5.5147 8.3272 0.0000
v 4.8645 8.5259 0.0000
v 5.1295 8.6666 0.0000
v 5.4287 8.6883 0.0000
v 3.7136 7.1099 0.0000
v 4.0134 7.0970 0.0000
v 4.2211 7.3135 0.0000
v 4.5034 7.4149 0.0000
v 4.2950 6.9936 0.0000
v 4.5933 7.0247 0.0000
v 4.2908 7.2112 0.0000
v 4.5682 7.3255 0.0000
v 4.6717 7.6070 0.0000
v 4.8605 7.8402 0.0000
v 4.8681 7.3311 0.0000
v 5.1431 7.4510 0.0000
v 4.7730 7.5447 0.0000
v 4.9778 7.7639 0.0000
v 4.9744 8.0638 0.0000
v 5.0648 8.3499 0.0000
v 5.2631 7.8565 0.0000
v 5.4995 8.0413 0.0000
v 3.6344 7.3262 0.0000
v 3.8549 7.5297 0.0000
v 3.8488 7.8296 0.0000
v 3.9332 8.1175 0.0000
v 4.1382 7.6282 0.0000
v 4.3692 7.8197 0.0000
v 4.0811 7.7266 0.0000
v 4.3074 7.9236 0.0000
v 4.3594 8.2191 0.0000
v 4.5195 8.4728 0.0000
v 4.7537 8.6602 0.0000
v 4.6016 7.9826 0.0000
v 4.8468 8.1554 0.0000
v 5.0181 8.4017 0.0000
v 4.3722 8.2165 0.0000
v 4.4369 8.5094 0.0000
v 4.6889 8.6722 0.0000
v 4.8501 8.9252 0.0000
v 4.9265 9.2153 0.0000
v 4.3791 8.8038 0.0000
v 4.4321 9.0991 0.0000
v 4.5827 9.3586 0.0000
v 4.6325 8.7369 0.0000
v 4.8281 8.9644 0.0000
v 5.1272 8.9880 0.0000
v 5.3969 9.1193 0.0000
v 5.6074 9.3331 0.0000
v 4.9491 9.2389 0.0000
v 5.1612 9.4511 0.0000
v 5.4275 9.5893 0.0000
v 5.1027 9.0852 0.0000
v 5.3773 9.2059 0.0000
v 5.6582 9.1005 0.0000
v 5.9567 9.1302 0.0000
v 6.2134 9.2854 0.0000
v 5.5870 9.4205 0.0000
v 5.8595 9.5461 0.0000
v 6.1592 9.5349 0.0000
v 4.6074 7.9226 0.0000
v 4.9074 7.9215 0.0000
v 5.1270 8.1259 0.0000
v 5.4082 8.2305 0.0000
v 5.7081 8.2384 0.0000
v 5.1700 7.7764 0.0000
v 5.4694 7.7575 0.0000
v 5.7459 7.8738 0.0000
v 5.1847 8.0361 0.0000
v 5.4620 8.1506 0.0000
v 5.5458 8.4386 0.0000
v 5.7132 8.6876 0.0000
v 5.7596 8.1884 0.0000
v 6.0102 8.3533 0.0000
v 5.6400 8.3920 0.0000
v 5.8181 8.6335 0.0000
v 6.1146 8.6787 0.0000
v 6.3710 8.8345 0.0000
v 6.5623 9.0656 0.0000
v 5.8969 8.9229 0.0000
v 6.0658 9.1709 0.0000
v 6.3185 9.3326 0.0000
v 1.1702 7.0601 0.0000
v 1.2865 7.3366 0.0000
v 1.1341 7.5950 0.0000
v 1.0986 7.8929 0.0000
v 1.4638 7.5787 0.0000
v 1.5525 7.8653 0.0000
v 1.3794 7.6219 0.0000
v 1.4723 7.9072 0.0000
v 1.3593 8.1851 0.0000
v 1.3772 8.4846 0.0000
v 1.6773 8.1262 0.0000
v 1.7833 8.4068 0.0000
v 1.3134 8.1617 0.0000
v 1.1546 8.4161 0.0000
v 0.8687 8.5073 0.0000
v 0.6486 8.7111 0.0000
v 1.1390 8.7157 0.0000
v 1.0055 8.9844 0.0000
v 1.1421 8.7159 0.0000
v 1.1296 9.0156 0.0000
v 0.9060 9.2156 0.0000
v 0.7764 9.4862 0.0000
v 1.2076 9.3053 0.0000
v 1.1493 9.5996 0.0000
v 1.2325 9.2974 0.0000
v 1.3354 9.5792 0.0000
v 1.5908 9.7365 0.0000
v 1.7663 9.9799 0.0000
v 1.8303 10.2730 0.0000
v 1.2881 9.8755 0.0000
v 1.3595 10.1669 0.0000
v 1.5254 10.4168 0.0000
v 1.6899 8.1136 0.0000
v 1.9076 8.3201 0.0000
v 1.9106 8.6201 0.0000
v 2.0479 8.8868 0.0000
v 2.1841 8.4364 0.0000
v 2.4127 8.6307 0.0000
v 2.0145 8.6004 0.0000
v 2.1214 8.8807 0.0000
v 2.3956 9.0025 0.0000
v 2.6138 9.2083 0.0000
v 2.7548 9.4731 0.0000
v 2.1510 9.1792 0.0000
v 2.2813 9.4495 0.0000
v 2.5148 9.6378 0.0000
v 2.1143 9.1806 0.0000
v 2.1072 9.4805 0.0000
v 2.3334 9.6775 0.0000
v 2.4447 9.9561 0.0000
v 2.4266 10.2556 0.0000
v 2.0067 9.7632 0.0000
v 2.0347 10.0619 0.0000
v 2.1839 10.3221 0.0000
v 1.6887 8.1149 0.0000
v 1.9051 8.3227 0.0000
v 1.9379 8.6209 0.0000
v 2.0951 8.8764 0.0000
v 2.1778 8.4477 0.0000
v 2.3981 8.6513 0.0000
v 2.1272 8.5244 0.0000
v 2.3493 8.7261 0.0000
v 2.3609 9.0258 0.0000
v 2.4996 9.2919 0.0000
v 2.7344 9.4785 0.0000
v 2.6337 8.8215 0.0000
v 2.8430 9.0364 0.0000
v 2.9512 9.3162 0.0000
v 2.3431 9.0260 0.0000
v 2.3370 9.3259 0.0000
v 2.1150 9.5277 0.0000
v 1.9694 9.7901 0.0000
v 2.4272 9.6120 0.0000
v 2.4075 9.9114 0.0000
v 2.4164 9.6152 0.0000
v 2.4959 9.9045 0.0000
v 2.7556 10.0547 0.0000
v 2.9493 10.2838 0.0000
v 3.0213 10.5750 0.0000
v 2.4913 10.2045 0.0000
v 2.6228 10.4741 0.0000
v 2.8443 10.6764 0.0000
v 2.6182 8.8590 0.0000
v 2.8872 8.9919 0.0000
v 2.9440 9.2865 0.0000
v 3.1108 9.5359 0.0000
v 3.1828 9.0426 0.0000
v 3.4456 9.1873 0.0000
v 3.0412 9.2494 0.0000
v 3.1952 9.5068 0.0000
v 3.4880 9.5725 0.0000
v 3.7344 9.7436 0.0000
v 3.8908 9.9996 0.0000
v 3.1991 9.8068 0.0000
v 3.2934 10.0916 0.0000
v 3.4864 10.3212 0.0000
v 2.6323 8.8254 0.0000
v 2.9154 8.9248 0.0000
v 3.0336 9.2005 0.0000
v 3.2436 9.4148 0.0000
v 3.2146 8.9029 0.0000
v 3.4906 9.0205 0.0000
v 3.2002 9.0191 0.0000
v 3.4850 9.1135 0.0000
v 3.6483 9.3651 0.0000
v 3.8940 9.5373 0.0000
v 4.1854 9.6088 0.0000
v 3.7829 9.0782 0.0000
v 4.0699 9.1656 0.0000
v 4.3156 9.3376 0.0000
v 3.7411 8.9573 0.0000
v 3.9972 8.8010 0.0000
v 4.2802 8.9006 0.0000
v 4.5795 8.8806 0.0000
v 4.1788 8.5622 0.0000
v 4.4424 8.4191 0.0000
v 4.2964 8.7795 0.0000
v 4.5956 8.7581 0.0000
v 4.7976 8.9799 0.0000
v 5.0769 9.0894 0.0000
v 5.3769 9.0855 0.0000
v 4.8794 8.6606 0.0000
v 5.1793 8.6623 0.0000
v 5.4458 8.8002 0.0000
v 4.8767 8.8629 0.0000
v 5.1578 8.9677 0.0000
v 5.2466 9.2542 0.0000
v 5.4287 9.4927 0.0000
v 5.6949 9.6310 0.0000
v 5.4559 9.0011 0.0000
v 5.7090 9.1622 0.0000
v 5.8677 9.4168 0.0000
v 3.7130 9.3084 0.0000
v 3.9411 9.5033 0.0000
v 4.2395 9.4720 0.0000
v 4.5246 9.5651 0.0000
v 4.7357 9.7783 0.0000
v 4.0691 9.7746 0.0000
v 4.3072 9.9571 0.0000
v 4.5934 10.0472 0.0000
v 4.2304 9.5826 0.0000
v 4.5198 9.6619 0.0000
v 4.7800 9.5127 0.0000
v 5.0795 9.4957 0.0000
v 5.3626 9.5949 0.0000
v 4.7541 9.8492 0.0000
v 5.0412 9.9361 0.0000
v 5.3395 9.9041 0.0000
v 4.8154 9.6110 0.0000
v 5.1110 9.5601 0.0000
v 5.2991 9.3263 0.0000
v 5.5489 9.1602 0.0000
v 5.8402 9.0885 0.0000
v 5.4063 9.6130 0.0000
v 5.6940 9.5277 0.0000
v 5.9211 9.3317 0.0000
v 1.1890 7.0514 0.0000
v 1.3242 7.3192 0.0000
v 1.2167 7.5993 0.0000
v 1.2043 7.8991 0.0000
v 1.2971 8.1844 0.0000
v 1.5547 7.5112 0.0000
v 1.7009 7.7732 0.0000
v 1.7388 8.0708 0.0000
v 1.4587 7.5874 0.0000
v 1.5933 7.8555 0.0000
v 1.8812 7.9398 0.0000
v 2.1087 8.1353 0.0000
v 2.2558 8.3968 0.0000
v 1.6330 8.1529 0.0000
v 1.7773 8.4159 0.0000
v 2.0206 8.5913 0.0000
v 1.8845 7.9277 0.0000
v 2.1757 7.9999 0.0000
v 2.3655 8.2322 0.0000
v 2.6171 8.3956 0.0000
v 2.9146 8.4347 0.0000
v 2.4676 7.9309 0.0000
v 2.7652 7.9686 0.0000
v 3.0342 8.1014 0.0000
v 2.4180 8.1767 0.0000
v 2.6604 8.3535 0.0000
v 2.7046 8.6502 0.0000
v 2.8526 8.9112 0.0000
v 3.0994 9.0818 0.0000
v 2.9555 8.4075 0.0000
v 3.2199 8.5492 0.0000
v 3.4214 8.7715 0.0000
v 2.8314 8.6000 0.0000
v 3.0024 8.8465 0.0000
v 2.9336 9.1385 0.0000
v 2.9645 9.4369 0.0000
v 3.2507 9.0148 0.0000
v 3.4193 9.2630 0.0000
v 1.6426 8.1514 0.0000
v 1.6919 8.4474 0.0000
v 1.5463 8.7097 0.0000
v 1.5376 9.0095 0.0000
v 1.6472 9.2888 0.0000
v 1.8871 8.6752 0.0000
v 1.9801 8.9604 0.0000
v 1.9387 9.2575 0.0000
v 1.8759 8.6843 0.0000
v 2.0600 8.9212 0.0000
v 2.0322 9.2199 0.0000
v 2.1403 9.4997 0.0000
v 2.3375 9.7258 0.0000
v 2.3258 9.0602 0.0000
v 2.5168 9.2916 0.0000
v 2.6223 9.5724 0.0000
v 2.3237 9.0643 0.0000
v 2.5873 9.2074 0.0000
v 2.6820 9.4920 0.0000
v 2.8662 9.7288 0.0000
v 3.1296 9.8724 0.0000
v 2.8873 9.2013 0.0000
v 3.1621 9.3217 0.0000
v 3.3867 9.5205 0.0000
v 1.7459 8.1138 0.0000
v 1.8985 8.3721 0.0000
v 1.7968 8.6543 0.0000
v 1.7979 8.9543 0.0000
v 2.1038 8.5909 0.0000
v 2.1883 8.8787 0.0000
v 2.0272 8.6430 0.0000
v 2.1560 8.9140 0.0000
v 2.4346 9.0253 0.0000
v 2.6352 9.2483 0.0000
v 2.7565 9.5227 0.0000
v 2.1388 9.2135 0.0000
v 2.2320 9.4987 0.0000
v 2.4419 9.7130 0.0000
v 2.0587 9.1978 0.0000
v 1.9614 9.4816 0.0000
v 1.6807 9.5874 0.0000
v 1.4752 9.8060 0.0000
v 1.3575 10.0820 0.0000
v 1.9832 9.7808 0.0000
v 1.8681 10.0578 0.0000
v 1.6408 10.2536 0.0000
v 1.9825 9.7808 0.0000
v 2.0036 10.0801 0.0000
v 2.2225 10.2852 0.0000
v 2.3583 10.5527 0.0000
v 2.3938 10.8506 0.0000
v 1.8737 10.3505 0.0000
v 1.8449 10.6491 0.0000
v 1.9085 10.9423 0.0000
v 2.3587 9.1352 0.0000
v 2.5613 9.3564 0.0000
v 2.5185 9.6533 0.0000
v 2.6023 9.9414 0.0000
v 2.7880 10.1770 0.0000
v 2.8312 9.4874 0.0000
v 3.0388 9.7040 0.0000
v 3.1653 9.9760 0.0000
v 2.6521 9.6423 0.0000
v 2.7429 9.9283 0.0000
v 3.0233 10.0349 0.0000
v 3.2456 10.2363 0.0000
v 3.3788 10.5051 0.0000
v 2.7583 10.2279 0.0000
v 2.8802 10.5020 0.0000
v 3.0903 10.7161 0.0000
v 2.0271 9.1849 0.0000
v 1.8983 9.4558 0.0000
v 1.6291 9.5884 0.0000
v 1.4469 9.8267 0.0000
v 1.3589 10.1135 0.0000
v 1.8965 9.7558 0.0000
v 1.7931 10.0375 0.0000
v 1.5731 10.2414 0.0000
v 1.7827 9.7327 0.0000
v 1.6672 10.0096 0.0000
v 1.3776 10.0879 0.0000
v 1.1525 10.2862 0.0000
v 1.0293 10.5598 0.0000
v 1.6691 10.3095 0.0000
v 1.5335 10.5771 0.0000
v 1.3199 10.7878 0.0000
v 1.4066 10.1581 0.0000
v 1.1459 10.3067 0.0000
v 1.1111 10.6047 0.0000
v 0.9679 10.8683 0.0000
v 0.7419 11.0656 0.0000
v 0.8528 10.3706 0.0000
v 0.6216 10.5618 0.0000
v 0.4601 10.8146 0.0000
v 0.9778 10.5552 0.0000
v 0.8097 10.8037 0.0000
v 0.5253 10.8990 0.0000
v 0.3143 11.1123 0.0000
v 0.2046 11.3915 0.0000
v 0.7855 11.1027 0.0000
v 0.6491 11.3699 0.0000
v 0.4314 11.5763 0.0000
v 1.7164 10.3055 0.0000
v 1.7656 10.6014 0.0000
v 2.0290 10.7450 0.0000
v 2.2359 10.9623 0.0000
v 2.3535 11.2382 0.0000
v 1.6724 10.8866 0.0000
v 1.6812 11.1865 0.0000
v 1.8002 11.4618 0.0000
v 1.7134 10.8968 0.0000
v 1.6612 11.1923 0.0000
v 1.8394 11.4336 0.0000
v 1.9136 11.7242 0.0000
v 1.8519 12.0178 0.0000
v 1.4997 11.4451 0.0000
v 1.4667 11.7433 0.0000
v 1.5669 12.0261 0.0000
v 1.6932 10.3084 0.0000
v 1.7192 10.6073 0.0000
v 1.9508 10.7980 0.0000
v 2.1071 11.0540 0.0000
v 2.1402 11.3522 0.0000
v 1.6278 10.8931 0.0000
v 1.6317 11.1930 0.0000
v 1.7329 11.4754 0.0000
v 1.7466 10.9060 0.0000
v 1.7740 11.2048 0.0000
v 2.0134 11.3856 0.0000
v 2.1809 11.6345 0.0000
v 2.2513 11.9261 0.0000
v 1.6728 11.4872 0.0000
v 1.6969 11.7862 0.0000
v 1.8194 12.0601 0.0000
v 1.5753 11.4295 0.0000
v 1.3765 11.6542 0.0000
v 1.3931 11.9537 0.0000
v 1.3106 12.2421 0.0000
v 1.1206 12.4743 0.0000
v 1.1283 11.8228 0.0000
v 0.9661 12.0751 0.0000
v 0.9221 12.3719 0.0000
v 1.3077 11.9462 0.0000
v 1.2389 12.2382 0.0000
v 1.0129 12.4355 0.0000
v 0.8961 12.7118 0.0000
v 0.8725 13.0109 0.0000
v 1.3414 12.5202 0.0000
v 1.3524 12.8199 0.0000
v 1.2632 13.1064 0.0000
v 1.8581 11.4928 0.0000
v 1.9422 11.7807 0.0000
v 2.1882 11.9524 0.0000
v 2.3502 12.2049 0.0000
v 2.3966 12.5013 0.0000
v 1.8800 12.0742 0.0000
v 1.9467 12.3667 0.0000
v 2.1401 12.5960 0.0000
v 1.8696 12.0718 0.0000
v 1.7971 12.3629 0.0000
v 1.9732 12.6058 0.0000
v 2.0546 12.8946 0.0000
v 2.0056 13.1905 0.0000
v 1.6606 12.6301 0.0000
v 1.6270 12.9282 0.0000
v 1.6904 13.2214 0.0000
v 2.3381 9.1524 0.0000
v 2.5203 9.3908 0.0000
v 2.8152 9.4457 0.0000
v 3.0797 9.5873 0.0000
v 3.2598 9.8272 0.0000
v 2.6192 9.6740 0.0000
v 2.8019 9.9120 0.0000
v 3.0675 10.0514 0.0000
v 2.7181 9.6163 0.0000
v 2.9160 9.8418 0.0000
v 2.9184 10.1418 0.0000
v 3.0319 10.4195 0.0000
v 3.1898 9.9644 0.0000
v 3.3882 10.1894 0.0000
v 2.8948 10.1410 0.0000
v 2.8737 10.4403 0.0000
v 3.0539 10.6801 0.0000
v 3.1371 10.9683 0.0000
v 3.0875 11.2642 0.0000
v 2.7405 10.7091 0.0000
v 2.7173 11.0082 0.0000
v 2.7995 11.2967 0.0000
v 2.9468 10.7312 0.0000
v 3.0199 11.0222 0.0000
v 3.2756 11.1790 0.0000
v 3.4714 11.4063 0.0000
v 3.5526 11.6951 0.0000
v 2.9707 11.3181 0.0000
v 3.0521 11.6069 0.0000
v 3.2575 11.8255 0.0000
v 3.1976 9.9453 0.0000
v 3.4792 10.0487 0.0000
v 3.6100 10.3187 0.0000
v 3.8352 10.5170 0.0000
v 3.7779 10.0763 0.0000
v 4.0499 10.2029 0.0000
v 3.6757 10.2754 0.0000
v 3.8722 10.5021 0.0000
v 3.8440 10.8008 0.0000
v 3.9154 11.0922 0.0000
v 4.1406 10.6361 0.0000
v 4.3181 10.8779 0.0000
v 3.0419 10.1141 0.0000
v 3.1679 10.3863 0.0000
v 3.4510 10.4857 0.0000
v 3.6876 10.6700 0.0000
v 3.8260 10.9362 0.0000
v 3.1844 10.6859 0.0000
v 3.3212 10.9529 0.0000
v 3.5481 11.1492 0.0000
v 3.2847 10.6627 0.0000
v 3.4015 10.9390 0.0000
v 3.2950 11.2194 0.0000
v 3.2887 11.5194 0.0000
v 3.6022 11.1620 0.0000
v 3.6946 11.4474 0.0000
v 3.6900 11.0213 0.0000
v 3.9785 11.1037 0.0000
v 4.1465 11.3522 0.0000
v 4.4015 11.5103 0.0000
v 4.2782 11.0908 0.0000
v 4.5533 11.2106 0.0000
v 4.1919 11.3146 0.0000
v 4.4053 11.5254 0.0000
v 4.3639 11.8225 0.0000
v 4.4598 12.1068 0.0000
v 4.6808 11.6441 0.0000
v 4.8977 11.8514 0.0000
v 4.5070 11.8076 0.0000
v 4.6086 12.0899 0.0000
v 4.4597 12.3503 0.0000
v 4.4256 12.6484 0.0000
v 4.7920 12.3273 0.0000
v 4.8849 12.6126 0.0000
v 3.4273 11.2379 0.0000
v 3.4530 11.5368 0.0000
v 3.2627 11.7687 0.0000
v 3.1877 12.0592 0.0000
v 3.2468 12.3533 0.0000
v 3.6200 11.7860 0.0000
v 3.6683 12.0821 0.0000
v 3.6021 12.3747 0.0000
v 3.6311 11.7782 0.0000
v 3.8092 12.0196 0.0000
v 4.1075 12.0512 0.0000
v 4.3738 12.1893 0.0000
v 4.5823 12.4050 0.0000
v 3.9247 12.2965 0.0000
v 4.1253 12.5196 0.0000
v 4.3967 12.6473 0.0000
v 4.0698 12.1682 0.0000
v 4.3304 12.3168 0.0000
v 4.4168 12.6041 0.0000
v 4.5965 12.8443 0.0000
v 4.8490 13.0064 0.0000
v 4.6269 12.3622 0.0000
v 4.8955 12.4959 0.0000
v 5.0825 12.7305 0.0000
v 2.1544 9.2140 0.0000
v 2.1527 9.5140 0.0000
v 1.9484 9.7337 0.0000
v 1.8319 10.0101 0.0000
v 2.2880 9.7818 0.0000
v 2.3231 10.0797 0.0000
v 2.1845 9.8123 0.0000
v 2.2163 10.1106 0.0000
v 2.0147 10.3328 0.0000
v 1.9297 10.6205 0.0000
v 2.3627 10.3724 0.0000
v 2.3738 10.6722 0.0000
v 2.0249 10.3417 0.0000
v 1.8336 10.5728 0.0000
v 1.5336 10.5726 0.0000
v 1.2616 10.6990 0.0000
v 1.0744 10.9335 0.0000
v 1.7452 10.8595 0.0000
v 1.5437 11.0817 0.0000
v 1.2678 11.1997 0.0000
v 1.7313 10.8548 0.0000
v 1.6289 11.1368 0.0000
v 1.3551 11.2594 0.0000
v 1.1387 11.4671 0.0000
v 1.0421 11.7512 0.0000
v 1.6103 11.4362 0.0000
v 1.4760 11.7045 0.0000
v 1.2429 11.8934 0.0000
v 2.3248 10.3903 0.0000
v 2.4333 10.6700 0.0000
v 2.3423 10.9558 0.0000
v 2.3869 11.2525 0.0000
v 2.5190 11.5218 0.0000
v 2.6296 10.8969 0.0000
v 2.7429 11.1747 0.0000
v 2.7414 11.4747 0.0000
v 2.4241 10.9698 0.0000
v 2.4148 11.2697 0.0000
v 2.1958 11.4748 0.0000
v 2.0958 11.7576 0.0000
v 2.0865 12.0575 0.0000
v 2.5383 11.5431 0.0000
v 2.5525 11.8428 0.0000
v 2.4325 12.1177 0.0000
v 2.2295 10.4103 0.0000
v 2.2427 10.7101 0.0000
v 2.4590 10.9179 0.0000
v 2.5647 11.1987 0.0000
v 2.5810 11.4983 0.0000
v 2.1425 10.9928 0.0000
v 2.1325 11.2927 0.0000
v 2.2568 11.5657 0.0000
v 2.2642 11.0093 0.0000
v 2.2857 11.3085 0.0000
v 2.5112 11.5064 0.0000
v 2.6651 11.7639 0.0000
v 2.7150 12.0597 0.0000
v 2.1712 11.5858 0.0000
v 2.1639 11.8857 0.0000
v 2.2550 12.1715 0.0000
v 2.0869 11.5332 0.0000
v 1.8882 11.7579 0.0000
v 1.5923 11.8075 0.0000
v 1.3330 11.9584 0.0000
v 1.1320 12.1811 0.0000
v 1.8274 12.0517 0.0000
v 1.6760 12.3107 0.0000
v 1.4442 12.5011 0.0000
v 1.8207 12.0502 0.0000
v 1.7531 12.3425 0.0000
v 1.4886 12.4840 0.0000
v 1.2800 12.6997 0.0000
v 1.1899 12.9858 0.0000
v 1.8012 12.6387 0.0000
v 1.7342 12.9311 0.0000
v 1.5698 13.1820 0.0000
v 2.4011 11.5854 0.0000
v 2.5165 11.8623 0.0000
v 2.7962 11.9707 0.0000
v 3.0120 12.1791 0.0000
v 3.1280 12.4558 0.0000
v 2.5585 12.1594 0.0000
v 2.7148 12.4154 0.0000
v 2.9669 12.5780 0.0000
v 2.5570 12.1596 0.0000
v 2.5976 12.4568 0.0000
v 2.4222 12.7002 0.0000
v 2.3514 12.9918 0.0000
v 2.7704 12.7020 0.0000
v 2.8438 12.9929 0.0000
v 2.4994 11.5191 0.0000
v 2.7131 11.7296 0.0000
v 3.0127 11.7140 0.0000
v 3.2962 11.8119 0.0000
v 3.5179 12.0140 0.0000
v 2.8131 12.0125 0.0000
v 3.0268 12.2231 0.0000
v 3.3091 12.3244 0.0000
v 2.9280 11.9390 0.0000
v 3.1429 12.1483 0.0000
v 3.4428 12.1407 0.0000
v 3.7246 12.2437 0.0000
v 3.9555 12.4352 0.0000
v 3.2769 12.4167 0.0000
v 3.5110 12.6043 0.0000
v 3.8024 12.6755 0.0000
v 3.1454 12.4483 0.0000
v 3.1480 12.7483 0.0000
v 2.9358 12.9604 0.0000
v 2.8420 13.2453 0.0000
v 2.8629 13.5446 0.0000
v 3.2932 13.0107 0.0000
v 3.3349 13.3078 0.0000
v 3.2851 13.6036 0.0000
v 3.3184 12.9951 0.0000
v 3.4889 13.2419 0.0000
v 3.7866 13.2792 0.0000
v 4.0540 13.4153 0.0000
v 4.2606 13.6328 0.0000
v 3.5582 13.5338 0.0000
v 3.7224 13.7849 0.0000
v 3.9834 13.9328 0.0000
v 3.7414 13.4040 0.0000
v 3.9939 13.5660 0.0000
v 4.0886 13.8507 0.0000
v 4.2735 14.0869 0.0000
v 4.5242 14.2517 0.0000
v 4.2849 13.6388 0.0000
v 4.5160 13.8301 0.0000
v 4.6505 14.0982 0.0000
v 3.4209 12.2611 0.0000
v 3.6988 12.3740 0.0000
v 3.8084 12.6533 0.0000
v 4.0325 12.8527 0.0000
v 3.9985 12.3604 0.0000
v 4.2783 12.4687 0.0000
v 3.9238 12.5725 0.0000
v 4.1487 12.7710 0.0000
v 4.4445 12.7212 0.0000
v 4.7413 12.7654 0.0000
v 5.0034 12.9113 0.0000
v 4.2920 13.0346 0.0000
v 4.5154 13.2347 0.0000
v 4.7981 13.3353 0.0000
v 4.3172 13.0192 0.0000
v 4.4857 13.2674 0.0000
v 4.7742 13.3496 0.0000
v 4.9983 13.5491 0.0000
v 5.1128 13.8264 0.0000
v 4.4910 13.5674 0.0000
v 4.6268 13.8349 0.0000
v 4.8608 14.0225 0.0000
v 3.2730 12.4186 0.0000
v 3.4031 12.6889 0.0000
v 3.3437 12.9830 0.0000
v 3.3872 13.2798 0.0000
v 3.5214 13.5481 0.0000
v 3.6324 12.8824 0.0000
v 3.7719 13.1480 0.0000
v 3.8123 13.4452 0.0000
v 3.5380 12.9569 0.0000
v 3.6730 13.2248 0.0000
v 3.6172 13.5196 0.0000
v 3.6929 13.8099 0.0000
v 3.8844 14.0408 0.0000
v 3.9138 13.4037 0.0000
v 4.0468 13.6726 0.0000
v 4.0796 13.9708 0.0000
v 3.5970 13.5150 0.0000
v 3.5210 13.8052 0.0000
v 3.2576 13.9488 0.0000
v 3.0839 14.1934 0.0000
v 3.5833 14.0987 0.0000
v 3.5077 14.3890 0.0000
v 3.5771 14.0999 0.0000
v 3.6333 14.3946 0.0000
v 3.4978 14.6623 0.0000
v 3.4979 14.9623 0.0000
v 3.6344 15.2294 0.0000
v 3.8418 14.6103 0.0000
v 3.9321 14.8963 0.0000
v 3.9205 15.1961 0.0000
v 3.8175 14.6314 0.0000
v 4.0017 14.8682 0.0000
v 3.9899 15.1679 0.0000
v 4.0840 15.4528 0.0000
v 4.2802 15.6797 0.0000
v 4.2550 15.0289 0.0000
v 4.4123 15.2844 0.0000
v 4.4350 15.5835 0.0000
v 3.9071 13.4123 0.0000
v 4.1413 13.5999 0.0000
v 4.4385 13.5589 0.0000
v 4.7333 13.6145 0.0000
v 4.9972 13.7572 0.0000
v 4.2783 13.8668 0.0000
v 4.5127 14.0540 0.0000
v 4.8010 14.1369 0.0000
v 4.2616 13.8747 0.0000
v 4.3819 14.1495 0.0000
v 4.2998 14.4381 0.0000
v 4.3245 14.7370 0.0000
v 4.5794 14.3754 0.0000
v 4.6839 14.6566 0.0000
v 4.3622 14.4489 0.0000
v 4.3425 14.7482 0.0000
v 4.5391 14.9749 0.0000
v 4.6500 15.2536 0.0000
v 4.6393 15.5534 0.0000
v 4.1802 15.0005 0.0000
v 4.1462 15.2986 0.0000
v 4.2145 15.5907 0.0000
v 3.7117 13.5223 0.0000
v 3.7504 13.8198 0.0000
v 3.9908 13.9992 0.0000
v 4.1514 14.2526 0.0000
v 4.1807 14.5512 0.0000
v 3.6738 14.1098 0.0000
v 3.7018 14.4085 0.0000
v 3.8530 14.6676 0.0000
v 3.7760 14.1187 0.0000
v 3.8016 14.4176 0.0000
v 3.6065 14.6454 0.0000
v 3.5240 14.9339 0.0000
v 3.5635 15.2313 0.0000
v 3.9301 14.6887 0.0000
v 3.9392 14.9885 0.0000
v 3.8502 15.2750 0.0000
v 3.6032 14.6426 0.0000
v 3.4047 14.8675 0.0000
v 3.1050 14.8812 0.0000
v 2.8379 15.0176 0.0000
v 2.6242 15.2282 0.0000
v 3.3132 15.1532 0.0000
v 3.1261 15.3877 0.0000
v 2.8713 15.5461 0.0000
v 3.3202 15.1554 0.0000
v 3.2356 15.4432 0.0000
v 2.9645 15.5717 0.0000
v 2.7539 15.7853 0.0000
v 3.2417 15.7431 0.0000
v 3.1279 16.0207 0.0000
v 3.2586 15.7423 0.0000
v 3.2817 16.0414 0.0000
v 3.0981 16.2787 0.0000
v 3.0437 16.5737 0.0000
v 3.0835 16.8711 0.0000
v 3.3831 16.3238 0.0000
v 3.3673 16.6233 0.0000
v 3.2572 16.9024 0.0000
v 3.9044 14.6994 0.0000
v 4.0071 14.9813 0.0000
v 4.2932 15.0716 0.0000
v 4.5229 15.2645 0.0000
v 4.6656 15.5285 0.0000
v 4.0044 15.2813 0.0000
v 4.1200 15.5581 0.0000
v 4.3488 15.7521 0.0000
v 4.0053 15.2813 0.0000
v 4.0034 15.5813 0.0000
v 4.2301 15.7778 0.0000
v 4.3751 16.0404 0.0000
v 4.4289 16.3355 0.0000
v 3.8578 15.8436 0.0000
v 3.8224 16.1415 0.0000
v 3.8875 16.4343 0.0000
v 3.8994 15.8627 0.0000
v 3.7953 16.1440 0.0000
v 3.9158 16.4188 0.0000
v 3.9161 16.7188 0.0000
v 3.7949 16.9932 0.0000
v 3.5866 16.3596 0.0000
v 3.4961 16.6456 0.0000
v 3.5344 16.9431 0.0000
v 2.1757 11.5876 0.0000
v 2.0658 11.8667 0.0000
v 2.2006 12.1347 0.0000
v 2.2071 12.4347 0.0000
v 2.1178 12.7210 0.0000
v 1.8602 12.0853 0.0000
v 1.7402 12.3602 0.0000
v 1.7561 12.6598 0.0000
v 1.9716 12.1516 0.0000
v 1.8775 12.4364 0.0000
v 2.0162 12.7024 0.0000
v 2.0570 12.9996 0.0000
v 1.9702 13.2868 0.0000
v 1.7043 12.6814 0.0000
v 1.6491 12.9763 0.0000
v 1.7321 13.2646 0.0000
v 1.6401 12.6199 0.0000
v 1.4028 12.8034 0.0000
v 1.3317 13.0949 0.0000
v 1.1751 13.3507 0.0000
v 0.9300 13.5237 0.0000
v 1.1119 12.8769 0.0000
v 0.8802 13.0675 0.0000
v 0.7552 13.3402 0.0000
v 1.2407 13.0558 0.0000
v 1.0786 13.3083 0.0000
v 0.7838 13.3640 0.0000
v 0.5469 13.5480 0.0000
v 0.4067 13.8132 0.0000
v 1.0789 13.6083 0.0000
v 0.9685 13.8872 0.0000
v 0.7628 14.1056 0.0000
v 1.9333 12.7312 0.0000
v 1.9891 13.0260 0.0000
v 1.8125 13.2685 0.0000
v 1.7182 13.5533 0.0000
v 1.7657 13.8495 0.0000
v 2.1671 13.2675 0.0000
v 2.2403 13.5584 0.0000
v 2.1957 13.8551 0.0000
v 1.9728 13.3255 0.0000
v 1.9564 13.6251 0.0000
v 2.1577 13.8476 0.0000
v 2.2597 14.1297 0.0000
v 2.2495 14.4295 0.0000
v 1.8548 13.9073 0.0000
v 1.8705 14.2069 0.0000
v 2.0224 14.4656 0.0000
v 1.8912 12.7361 0.0000
v 1.9049 13.0358 0.0000
v 1.7082 13.2623 0.0000
v 1.6134 13.5469 0.0000
v 1.6361 13.8461 0.0000
v 2.0099 13.3169 0.0000
v 2.0193 13.6167 0.0000
v 1.9278 13.9024 0.0000
v 1.9183 13.3355 0.0000
v 1.9316 13.6352 0.0000
v 1.7485 13.8729 0.0000
v 1.6884 14.1668 0.0000
v 2.0832 13.8941 0.0000
v 2.1477 14.1871 0.0000
v 2.1551 13.8354 0.0000
v 2.3785 14.0356 0.0000
v 2.6761 13.9978 0.0000
v 2.9658 14.0758 0.0000
v 3.2036 14.2587 0.0000
v 2.5310 14.2940 0.0000
v 2.7625 14.4847 0.0000
v 3.0498 14.5711 0.0000
v 2.5139 14.3033 0.0000
v 2.6494 14.5710 0.0000
v 2.5396 14.8502 0.0000
v 2.5510 15.1500 0.0000
v 2.6600 15.4294 0.0000
v 2.8786 14.7645 0.0000
v 3.0347 15.0207 0.0000
v 3.0814 15.3170 0.0000
v 2.6533 14.8709 0.0000
v 2.6572 15.1709 0.0000
v 2.4145 15.3473 0.0000
v 2.2488 15.5974 0.0000
v 2.1996 15.8933 0.0000
v 2.7669 15.4501 0.0000
v 2.7866 15.7495 0.0000
v 2.6879 16.0327 0.0000
v 1.8167 13.9123 0.0000
v 1.7017 14.1894 0.0000
v 1.4317 14.3201 0.0000
v 1.2217 14.5344 0.0000
v 1.7194 14.4889 0.0000
v 1.6354 14.7769 0.0000
v 1.7258 14.4884 0.0000
v 1.7499 14.7875 0.0000
v 1.5473 15.0087 0.0000
v 1.4666 15.2976 0.0000
v 1.8878 15.0539 0.0000
v 1.9296 15.3510 0.0000
v 1.9014 15.0464 0.0000
v 2.0529 15.3053 0.0000
v 2.3370 15.4017 0.0000
v 2.5730 15.5869 0.0000
v 2.7285 15.8435 0.0000
v 2.0762 15.6044 0.0000
v 2.1977 15.8787 0.0000
v 2.4144 16.0862 0.0000
v 2.0685 13.9022 0.0000
v 2.2053 14.1692 0.0000
v 2.1225 14.4575 0.0000
v 2.1322 14.7574 0.0000
v 2.2773 15.0199 0.0000
v 2.4380 14.3585 0.0000
v 2.5759 14.6249 0.0000
v 2.5850 14.9248 0.0000
v 2.3350 14.4397 0.0000
v 2.4647 14.7102 0.0000
v 2.7377 14.8347 0.0000
v 2.9604 15.0357 0.0000
v 3.0925 15.3050 0.0000
v 2.4917 15.0090 0.0000
v 2.6110 15.2842 0.0000
v 2.8162 15.5030 0.0000
v 2.3263 14.9763 0.0000
v 2.1879 15.2425 0.0000
v 1.9170 15.3715 0.0000
v 1.7001 15.5787 0.0000
v 1.5661 15.8471 0.0000
v 2.1867 15.5425 0.0000
v 2.0628 15.8157 0.0000
v 1.8329 16.0084 0.0000
v 2.1808 15.5424 0.0000
v 2.1737 15.8423 0.0000
v 2.3595 16.0778 0.0000
v 2.4424 16.3661 0.0000
v 2.4151 16.6649 0.0000
v 2.0298 16.1056 0.0000
v 2.0091 16.4048 0.0000
v 2.1207 16.6833 0.0000
v 2.2498 16.1325 0.0000
v 2.3258 16.4227 0.0000
v 2.1937 16.6920 0.0000
v 2.1937 16.9920 0.0000
v 2.5146 16.6558 0.0000
v 2.6210 16.9363 0.0000
v 2.6800 14.9191 0.0000
v 2.8954 15.1280 0.0000
v 2.9041 15.4279 0.0000
v 3.0481 15.6911 0.0000
v 3.1567 15.2753 0.0000
v 3.3376 15.5147 0.0000
v 3.0208 15.4005 0.0000
v 3.1463 15.6730 0.0000
v 3.4320 15.7645 0.0000
v 3.6502 15.9703 0.0000
v 3.7673 16.2465 0.0000
v 3.1612 15.9726 0.0000
v 3.2796 16.2483 0.0000
v 3.5080 16.4428 0.0000
v 3.1865 15.9703 0.0000
v 3.2267 16.2676 0.0000
v 3.0244 16.4891 0.0000
v 2.9264 16.7727 0.0000
v 2.9356 17.0726 0.0000
v 3.3997 16.5126 0.0000
v 3.4726 16.8036 0.0000
v 3.4307 17.1007 0.0000
v -0.4488 4.9883 0.0000
v -0.6551 5.2062 0.0000
v -0.9550 5.2020 0.0000
v -1.2336 5.3134 0.0000
v -0.7331 5.4958 0.0000
v -0.8957 5.7480 0.0000
v -0.8564 5.4286 0.0000
v -1.0577 5.6510 0.0000
v -1.0266 5.9494 0.0000
v -1.1057 6.2388 0.0000
v -1.2947 6.4718 0.0000
v -1.3340 5.7679 0.0000
v -1.5399 5.9861 0.0000
v -1.6513 6.2646 0.0000
v -1.0798 5.9502 0.0000
v -1.1019 6.2494 0.0000
v -1.3456 6.4244 0.0000
v -1.4870 6.6889 0.0000
v -1.0622 6.5468 0.0000
v -1.1340 6.8380 0.0000
v -1.2539 6.5080 0.0000
v -1.4058 6.7667 0.0000
v -1.3282 7.0565 0.0000
v -1.3457 7.3560 0.0000
v -1.4715 7.6283 0.0000
v -1.6527 6.9371 0.0000
v -1.8018 7.1974 0.0000
v -1.8256 7.4965 0.0000
v -1.6495 6.9417 0.0000
v -1.8932 7.1167 0.0000
v -1.9636 7.4083 0.0000
v -2.1210 7.6637 0.0000
v -2.3601 7.8449 0.0000
v -2.1808 7.2021 0.0000
v -2.4188 7.3847 0.0000
v -2.5889 7.6318 0.0000
v -1.3439 5.7409 0.0000
v -1.6301 5.8308 0.0000
v -1.7609 6.1008 0.0000
v -1.9687 6.3171 0.0000
v -2.2371 6.4512 0.0000
v -1.9277 5.7926 0.0000
v -2.2108 5.8920 0.0000
v -2.4492 6.0740 0.0000
v -1.8553 6.0291 0.0000
v -2.0804 6.2273 0.0000
v -2.0878 6.5272 0.0000
v -2.1861 6.8107 0.0000
v -2.4036 7.0173 0.0000
v -2.3609 6.3339 0.0000
v -2.5670 6.5518 0.0000
v -2.6951 6.8231 0.0000
v -2.1959 6.5042 0.0000
v -2.3113 6.7811 0.0000
v -2.5857 6.9025 0.0000
v -2.8032 7.1090 0.0000
v -2.9341 7.3790 0.0000
v -2.2708 7.0784 0.0000
v -2.3616 7.3643 0.0000
v -2.5655 7.5843 0.0000
v -1.3005 5.8273 0.0000
v -1.5432 6.0035 0.0000
v -1.8413 5.9696 0.0000
v -2.1326 6.0412 0.0000
v -1.6895 6.2654 0.0000
v -1.9101 6.4688 0.0000
v -1.7815 6.1858 0.0000
v -2.0198 6.3680 0.0000
v -2.0398 6.6674 0.0000
v -2.1954 6.9238 0.0000
v -2.4276 7.1138 0.0000
v -2.2999 6.4754 0.0000
v -2.5295 6.6686 0.0000
v -2.6733 6.9318 0.0000
v -2.3192 6.3484 0.0000
v -2.6185 6.3288 0.0000
v -2.7872 6.0807 0.0000
v -3.0260 5.8991 0.0000
v -3.3214 5.8468 0.0000
v -2.9073 6.4100 0.0000
v -3.2064 6.3868 0.0000
v -3.4679 6.2396 0.0000
v -2.9006 6.4310 0.0000
v -3.1826 6.5332 0.0000
v -3.2857 6.8149 0.0000
v -3.4750 7.0476 0.0000
v -3.7405 7.1872 0.0000
v -3.4826 6.5380 0.0000
v -3.7573 6.6587 0.0000
v -3.9825 6.8568 0.0000
v -2.1395 6.6431 0.0000
v -2.2591 6.9182 0.0000
v -2.1729 7.2056 0.0000
v -2.2010 7.5042 0.0000
v -2.3518 7.7636 0.0000
v -2.4639 7.1375 0.0000
v -2.5829 7.4129 0.0000
v -2.5619 7.7122 0.0000
v -2.4738 7.1278 0.0000
v -2.6885 7.3374 0.0000
v -2.7106 7.6366 0.0000
v -2.8219 7.9152 0.0000
v -3.0424 8.1186 0.0000
v -2.9666 7.4499 0.0000
v -3.1788 7.6620 0.0000
v -3.3111 7.9312 0.0000
v -2.3152 6.4205 0.0000
v -2.6106 6.4730 0.0000
v -2.7862 6.7162 0.0000
v -3.0349 6.8839 0.0000
v -3.3267 6.9536 0.0000
v -2.8974 6.3852 0.0000
v -3.1971 6.4000 0.0000
v -3.4609 6.5428 0.0000
v -2.9099 6.4924 0.0000
v -3.2093 6.5119 0.0000
v -3.4374 6.7067 0.0000
v -3.7272 6.7843 0.0000
v -4.0220 6.7286 0.0000
v -3.4925 6.4128 0.0000
v -3.7923 6.4244 0.0000
v -4.0641 6.5512 0.0000
v -3.4082 6.2873 0.0000
v -3.6071 6.0627 0.0000
v -3.6303 5.7636 0.0000
v -3.7872 5.5079 0.0000
v -3.8799 5.9378 0.0000
v -4.0992 5.7331 0.0000
v -3.8807 5.9397 0.0000
v -4.1543 5.8166 0.0000
v -4.4439 5.8950 0.0000
v -4.7412 5.8547 0.0000
v -4.9954 5.6954 0.0000
v -4.3675 5.6055 0.0000
v -4.6450 5.4917 0.0000
v -4.9446 5.5084 0.0000
v -3.4872 6.6248 0.0000
v -3.7652 6.7377 0.0000
v -4.0380 6.6128 0.0000
v -4.3374 6.5952 0.0000
v -3.9598 6.9660 0.0000
v -4.2198 7.1156 0.0000
v -4.0651 6.7312 0.0000
v -4.3650 6.7248 0.0000
v -4.5793 6.9347 0.0000
v -4.8534 7.0567 0.0000
v -5.1530 7.0720 0.0000
v -4.6500 6.6311 0.0000
v -4.9474 6.6703 0.0000
v -5.2065 6.8217 0.0000
v -3.4993 6.5888 0.0000
v -3.7892 6.6658 0.0000
v -4.0417 6.5037 0.0000
v -4.3342 6.4371 0.0000
v -4.0134 6.8652 0.0000
v -4.3004 6.9522 0.0000
v -4.0732 6.7624 0.0000
v -4.3572 6.8591 0.0000
v -4.6258 6.7254 0.0000
v -4.9257 6.7297 0.0000
v -5.2091 6.8283 0.0000
v -4.5907 7.0475 0.0000
v -4.8791 7.1301 0.0000
v -5.1744 7.0774 0.0000
v -4.6265 6.7269 0.0000
v -4.8958 6.5947 0.0000
v -5.0140 6.3190 0.0000
v -5.2386 6.1201 0.0000
v -5.1946 6.6216 0.0000
v -5.4743 6.5131 0.0000
v -5.1953 6.6126 0.0000
v -5.4948 6.6305 0.0000
v -5.6829 6.8642 0.0000
v -5.9403 7.0182 0.0000
v -6.2397 7.0366 0.0000
v -5.7816 6.5426 0.0000
v -6.0767 6.5964 0.0000
v -6.3403 6.7397 0.0000
v -5.7605 6.7696 0.0000
v -6.0263 6.9087 0.0000
v -6.1352 7.1883 0.0000
v -6.3474 7.4004 0.0000
v -6.6201 7.5254 0.0000
v -6.3262 6.8988 0.0000
v -6.6073 7.0036 0.0000
v -6.8271 7.2078 0.0000
v -4.6000 7.0354 0.0000
v -4.8427 7.2116 0.0000
v -5.1412 7.1812 0.0000
v -5.4267 7.2733 0.0000
v -5.6512 7.4722 0.0000
v -4.9748 7.4810 0.0000
v -5.1878 7.6922 0.0000
v -5.4604 7.8175 0.0000
v -5.1345 7.2814 0.0000
v -5.4263 7.3512 0.0000
v -5.6960 7.2198 0.0000
v -5.9948 7.1931 0.0000
v -5.6654 7.5323 0.0000
v -5.9530 7.6178 0.0000
v -5.7244 7.3178 0.0000
v -6.0226 7.2844 0.0000
v -6.1974 7.0406 0.0000
v -6.4406 6.8650 0.0000
v -6.3103 7.3692 0.0000
v -6.6069 7.3240 0.0000
v -4.6040 7.0297 0.0000
v -4.8507 7.2004 0.0000
v -5.1495 7.1737 0.0000
v -5.4385 7.2544 0.0000
v -4.9833 7.4695 0.0000
v -5.2060 7.6705 0.0000
v -5.0918 7.3789 0.0000
v -5.3329 7.5574 0.0000
v -5.6293 7.5104 0.0000
v -5.9154 7.6004 0.0000
v -6.1292 7.8109 0.0000
v -5.4833 7.8170 0.0000
v -5.7180 8.0038 0.0000
v -5.9985 8.1102 0.0000
v -5.3172 7.8570 0.0000
v -5.3014 8.1565 0.0000
v -5.5008 8.3807 0.0000
v -5.6168 8.6574 0.0000
v -5.6084 8.9573 0.0000
v -5.1449 8.4125 0.0000
v -5.0835 8.7061 0.0000
v -5.1247 9.0033 0.0000
v -5.3567 8.4514 0.0000
v -5.4119 8.7463 0.0000
v -5.6626 8.9110 0.0000
v -5.8308 9.1594 0.0000
v -5.8775 9.4558 0.0000
v -5.3561 9.0410 0.0000
v -5.4366 9.3300 0.0000
v -5.6388 9.5517 0.0000
v -5.5647 9.0045 0.0000
v -5.7175 9.2626 0.0000
v -5.6673 9.5584 0.0000
v -5.7502 9.8467 0.0000
v -5.9381 10.0806 0.0000
v -5.9747 9.4170 0.0000
v -6.1485 9.6616 0.0000
v -6.2006 9.9570 0.0000
v -5.6131 7.6647 0.0000
v -5.8932 7.7721 0.0000
v -6.1568 7.6288 0.0000
v -6.4564 7.6140 0.0000
v -6.1286 7.9581 0.0000
v -6.4194 8.0315 0.0000
v -6.1314 7.9544 0.0000
v -6.3697 8.1368 0.0000
v -6.6647 8.0827 0.0000
v -6.9624 8.1201 0.0000
v -7.2116 8.2872 0.0000
v -6.4987 8.4076 0.0000
v -6.7261 8.6032 0.0000
v -7.0098 8.7008 0.0000
v -6.5292 8.3909 0.0000
v -6.6887 8.6449 0.0000
v -6.9856 8.6876 0.0000
v -7.2387 8.8487 0.0000
v -7.4287 9.0808 0.0000
v -6.7227 8.9430 0.0000
v -6.8828 9.1967 0.0000
v -7.1161 9.3853 0.0000
v -2.0809 6.6617 0.0000
v -2.1420 6.9555 0.0000
v -2.3726 7.1474 0.0000
v -2.5106 7.4138 0.0000
v -2.5568 7.7102 0.0000
v -2.0574 7.2433 0.0000
v -2.0958 7.5408 0.0000
v -2.2254 7.8114 0.0000
v -2.1898 7.2516 0.0000
v -2.2376 7.5478 0.0000
v -2.4977 7.6973 0.0000
v -2.6770 7.9379 0.0000
v -2.7316 8.2329 0.0000
v -2.1551 7.8362 0.0000
v -2.2096 8.1312 0.0000
v -2.3554 8.3934 0.0000
v -2.4949 7.7021 0.0000
v -2.7521 7.8565 0.0000
v -3.0434 7.7845 0.0000
v -3.3423 7.8096 0.0000
v -2.8985 8.1184 0.0000
v -3.1344 8.3037 0.0000
v -2.9246 8.1020 0.0000
v -3.0971 8.3474 0.0000
v -3.3967 8.3615 0.0000
v -3.6576 8.5097 0.0000
v -3.8611 8.7301 0.0000
v -3.2036 8.6279 0.0000
v -3.4258 8.8294 0.0000
v -3.7029 8.9445 0.0000
v -2.2013 7.8456 0.0000
v -2.1650 8.1434 0.0000
v -2.3661 8.3660 0.0000
v -2.4506 8.6539 0.0000
v -2.4048 8.9504 0.0000
v -2.0190 8.4054 0.0000
v -1.9654 8.7006 0.0000
v -2.0436 8.9902 0.0000
v -2.2174 8.4388 0.0000
v -2.2697 8.7342 0.0000
v -2.5113 8.9121 0.0000
v -2.6562 9.1747 0.0000
v -2.2062 9.0274 0.0000
v -2.2733 9.3198 0.0000
v -2.4325 7.7759 0.0000
v -2.6274 8.0040 0.0000
v -2.9274 8.0040 0.0000
v -3.2132 8.0952 0.0000
v -2.7502 8.2777 0.0000
v -2.9526 8.4991 0.0000
v -2.8451 8.2104 0.0000
v -3.0628 8.4168 0.0000
v -3.3627 8.4105 0.0000
v -3.6330 8.5407 0.0000
v -3.2207 8.6718 0.0000
v -3.4748 8.8313 0.0000
v -3.0957 8.7150 0.0000
v -3.1286 9.0131 0.0000
v -2.9385 9.2453 0.0000
v -2.8764 9.5388 0.0000
v -2.9349 9.8330 0.0000
v -3.3132 9.2496 0.0000
v -3.3845 9.5410 0.0000
v -3.3442 9.8383 0.0000
v -3.3049 9.2558 0.0000
v -3.4813 9.4985 0.0000
v -3.7788 9.5373 0.0000
v -4.0336 9.6957 0.0000
v -3.5464 9.7914 0.0000
v -3.7303 10.0284 0.0000
v -3.7312 9.6645 0.0000
v -3.9811 9.8304 0.0000
v -4.2697 9.7485 0.0000
v -4.5673 9.7866 0.0000
v -4.1662 10.0665 0.0000
v -4.4355 10.1987 0.0000
v -3.3502 8.5028 0.0000
v -3.6376 8.5889 0.0000
v -3.8056 8.8374 0.0000
v -4.0521 9.0085 0.0000
v -4.3492 9.0501 0.0000
v -3.9319 8.5306 0.0000
v -4.2260 8.5896 0.0000
v -4.4607 8.7765 0.0000
v -3.8755 8.7716 0.0000
v -4.1134 8.9544 0.0000
v -4.4092 8.9045 0.0000
v -4.6977 8.9869 0.0000
v -4.2697 9.2105 0.0000
v -4.5029 9.3992 0.0000
v -4.2933 9.1945 0.0000
v -4.4731 9.4347 0.0000
v -4.4672 9.7346 0.0000
v -4.5992 10.0040 0.0000
v -4.8216 10.2054 0.0000
v -4.7287 9.5917 0.0000
v -4.9102 9.8306 0.0000
v -4.9679 10.1250 0.0000
v -3.3477 8.5108 0.0000
v -3.6326 8.6048 0.0000
v -3.8943 8.4581 0.0000
v -4.1887 8.4005 0.0000
v -3.8622 8.7978 0.0000
v -4.1436 8.9020 0.0000
v -3.9132 8.7110 0.0000
v -4.1937 8.8172 0.0000
v -4.4557 8.6710 0.0000
v -4.7516 8.6214 0.0000
v -4.4146 9.0202 0.0000
v -4.7031 9.1026 0.0000
v -4.3226 9.0881 0.0000
v -4.4514 9.3590 0.0000
v -4.7408 9.4382 0.0000
v -4.9800 9.6193 0.0000
v -4.5028 9.6546 0.0000
v -4.6567 9.9121 0.0000
v -4.6904 9.5403 0.0000
v -4.9295 9.7216 0.0000
v -4.9506 10.0209 0.0000
v -5.0702 10.2960 0.0000
v -5.2802 10.5102 0.0000
v -5.2179 9.8041 0.0000
v -5.4593 9.9821 0.0000
v -5.6318 10.2276 0.0000
v -5.2150 9.8137 0.0000
v -5.5005 9.9058 0.0000
v -5.7600 9.7553 0.0000
v -6.0594 9.7369 0.0000
v -5.7407 10.0855 0.0000
v -6.0333 10.1516 0.0000
v -4.4907 8.7747 0.0000
v -4.7877 8.7322 0.0000
v -4.9470 8.4781 0.0000
v -5.1993 8.3157 0.0000
v -5.4973 8.2814 0.0000
v -5.0810 8.7954 0.0000
v -5.3780 8.7535 0.0000
v -5.6303 8.5911 0.0000
v -5.0776 8.8093 0.0000
v -5.3676 8.8864 0.0000
v -5.5483 9.1258 0.0000
v -5.7996 9.2897 0.0000
v -6.0902 9.3641 0.0000
v -5.6628 8.8334 0.0000
v -5.9554 8.8996 0.0000
v -6.1951 9.0801 0.0000
v -5.6120 9.0604 0.0000
v -5.8564 9.2344 0.0000
v -6.1531 9.1906 0.0000
v -6.4388 9.2823 0.0000
v -5.9660 9.5136 0.0000
v -6.1571 9.7448 0.0000
v -2.0775 6.6624 0.0000
v -2.1352 6.9568 0.0000
v -2.3695 7.1442 0.0000
v -2.5062 7.4112 0.0000
v -2.5451 7.7087 0.0000
v -2.0394 7.2412 0.0000
v -2.0407 7.5411 0.0000
v -2.1734 7.8102 0.0000
v -2.1579 7.2560 0.0000
v -2.1807 7.5551 0.0000
v -2.3891 7.7709 0.0000
v -2.4819 8.0562 0.0000
v -2.0769 7.8366 0.0000
v -2.1088 8.1349 0.0000
v -1.9808 7.7788 0.0000
v -1.7808 8.0024 0.0000
v -1.7775 8.3024 0.0000
v -1.6405 8.5693 0.0000
v -1.5070 8.1251 0.0000
v -1.3137 8.3545 0.0000
v -1.6646 8.2790 0.0000
v -1.5484 8.5556 0.0000
v -1.6523 8.8370 0.0000
v -1.6611 9.1369 0.0000
v -1.5532 9.4168 0.0000
v -1.3775 8.8021 0.0000
v -1.2963 9.0910 0.0000
v -1.3545 9.3853 0.0000
v -1.5790 8.8540 0.0000
v -1.6097 9.1524 0.0000
v -1.8229 9.3635 0.0000
v -1.9219 9.6467 0.0000
v -1.4953 9.4298 0.0000
v -1.5160 9.7290 0.0000
v -2.3111 7.8253 0.0000
v -2.4414 8.0955 0.0000
v -2.7250 8.1933 0.0000
v -2.9591 8.3810 0.0000
v -2.4545 8.3952 0.0000
v -2.5913 8.6622 0.0000
v -2.4523 8.3953 0.0000
v -2.4631 8.6951 0.0000
v -2.2542 8.9103 0.0000
v -2.1234 9.1803 0.0000
v -2.0886 9.4783 0.0000
v -2.5633 8.9779 0.0000
v -2.5580 9.2779 0.0000
v -2.4547 9.5595 0.0000
v -2.3423 8.9697 0.0000
v -2.2214 9.2442 0.0000
v -1.9387 9.3449 0.0000
v -1.7046 9.5323 0.0000
v -1.5756 9.8032 0.0000
v -2.2240 9.5442 0.0000
v -2.1229 9.8267 0.0000
v -1.9284 10.0551 0.0000
v -2.1976 7.8546 0.0000
v -2.2146 8.1542 0.0000
v -2.0294 8.3902 0.0000
v -1.9566 8.6812 0.0000
v -1.9872 8.9796 0.0000
v -2.3110 8.4382 0.0000
v -2.2752 8.7361 0.0000
v -2.1160 8.9904 0.0000
v -2.2193 8.4541 0.0000
v -2.2241 8.7541 0.0000
v -2.0043 8.9582 0.0000
v -1.8918 9.2364 0.0000
v -1.9158 9.5354 0.0000
v -2.3113 9.0411 0.0000
v -2.2766 9.3391 0.0000
v -2.1184 9.5940 0.0000
v -2.4193 8.9819 0.0000
v -2.6145 9.2097 0.0000
v -2.5686 9.5061 0.0000
v -2.6141 9.8027 0.0000
v -2.7722 10.0576 0.0000
v -2.8751 9.3583 0.0000
v -3.0652 9.5904 0.0000
v -3.1307 9.8832 0.0000
v -2.6491 9.5077 0.0000
v -2.6836 9.8057 0.0000
v -2.9303 9.9765 0.0000
v -3.1029 10.2218 0.0000
v -2.5972 10.0930 0.0000
v -2.6474 10.3887 0.0000
v -2.0887 9.0218 0.0000
v -1.9534 9.2895 0.0000
v -2.0829 9.5601 0.0000
v -2.1221 9.8575 0.0000
v -2.0567 10.1503 0.0000
v -1.7663 9.5241 0.0000
v -1.6799 9.8114 0.0000
v -1.7338 10.1065 0.0000
v -1.9859 9.5878 0.0000
v -2.0184 9.8860 0.0000
v -1.8577 10.1393 0.0000
v -1.8030 10.4343 0.0000
v -1.8403 10.7320 0.0000
v -2.1617 10.1495 0.0000
v -2.1936 10.4478 0.0000
v -2.1042 10.7342 0.0000
v -2.4041 8.9941 0.0000
v -2.5841 9.2341 0.0000
v -2.5109 9.5251 0.0000
v -2.5513 9.8223 0.0000
v -2.7230 10.0683 0.0000
v -2.8119 9.4293 0.0000
v -2.9247 9.7073 0.0000
v -2.9453 10.0066 0.0000
v -2.7389 9.4911 0.0000
v -2.8937 9.7481 0.0000
v -3.1901 9.7941 0.0000
v -3.4518 9.9407 0.0000
v -3.6353 10.1780 0.0000
v -2.9422 10.0441 0.0000
v -3.1160 10.2886 0.0000
v -3.3759 10.4385 0.0000
v -2.8344 10.0422 0.0000
v -2.7752 10.3362 0.0000
v -2.9379 10.5883 0.0000
v -3.0072 10.8802 0.0000
v -2.6019 10.5811 0.0000
v -2.5387 10.8744 0.0000
v -2.8096 10.6343 0.0000
v -2.8441 10.9323 0.0000
v -2.6470 11.1585 0.0000
v -2.5612 11.4459 0.0000
v -2.5942 11.7441 0.0000
v -2.9972 11.1902 0.0000
v -3.0632 11.4829 0.0000
v -2.9928 11.7745 0.0000
v -3.0063 11.1846 0.0000
v -3.1686 11.4370 0.0000
v -3.4623 11.4980 0.0000
v -3.7134 11.6622 0.0000
v -3.2460 11.7268 0.0000
v -3.4140 11.9753 0.0000
v -3.1476 9.9078 0.0000
v -3.4015 10.0676 0.0000
v -3.4556 10.3627 0.0000
v -3.6051 10.6227 0.0000
v -3.8353 10.8151 0.0000
v -3.6967 10.1209 0.0000
v -3.9537 10.2757 0.0000
v -4.1366 10.5135 0.0000
v -3.5667 10.3180 0.0000
v -3.7319 10.5684 0.0000
v -3.6697 10.8619 0.0000
v -3.7041 11.1599 0.0000
v -3.8561 11.4185 0.0000
v -3.9625 10.7602 0.0000
v -4.0808 11.0360 0.0000
v -4.1054 11.3349 0.0000
v -3.7753 10.8653 0.0000
v -3.8187 11.1621 0.0000
v -4.0821 11.3057 0.0000
v -4.2768 11.5339 0.0000
v -4.3789 11.8160 0.0000
v -3.8182 11.4621 0.0000
v -3.9235 11.7430 0.0000
v -4.1149 11.9741 0.0000
v -2.9707 10.0380 0.0000
v -3.0477 10.3279 0.0000
v -3.3117 10.4705 0.0000
v -3.4954 10.7077 0.0000
v -3.0595 10.6277 0.0000
v -3.1699 10.9067 0.0000
v -3.1632 10.6048 0.0000
v -3.2787 10.8817 0.0000
v -3.5474 11.0151 0.0000
v -3.7566 11.2302 0.0000
v -3.2551 11.1808 0.0000
v -3.3505 11.4652 0.0000
v -3.5569 10.9939 0.0000
v -3.8352 11.1061 0.0000
v -4.1152 10.9984 0.0000
v -4.4143 11.0213 0.0000
v -4.6744 11.1708 0.0000
v -4.0613 11.3033 0.0000
v -4.3427 11.4071 0.0000
v -4.6426 11.3977 0.0000
v -4.0438 11.3216 0.0000
v -4.2525 11.5372 0.0000
v -4.5519 11.5192 0.0000
v -4.8410 11.5995 0.0000
v -5.0851 11.7739 0.0000
v -4.3844 11.8066 0.0000
v -4.6090 12.0056 0.0000
v -4.8961 12.0924 0.0000
v -4.3943 11.8015 0.0000
v -4.5361 12.0659 0.0000
v -4.8126 12.1822 0.0000
v -5.0146 12.4040 0.0000
v -5.1366 12.6781 0.0000
v -4.5366 12.3659 0.0000
v -4.6499 12.6437 0.0000
v -4.8565 12.8612 0.0000
v -3.2681 11.1815 0.0000
v -3.2575 11.4813 0.0000
v -3.0484 11.6964 0.0000
v -2.9220 11.9685 0.0000
v -2.9277 12.2685 0.0000
v -3.3950 11.7480 0.0000
v -3.4245 12.0465 0.0000
v -3.3603 12.3396 0.0000
v -3.3928 11.7491 0.0000
v -3.5281 12.0169 0.0000
v -3.8231 12.0716 0.0000
v -4.0685 12.2442 0.0000
v -4.2091 12.5091 0.0000
v -3.5605 12.3151 0.0000
v -3.6985 12.5815 0.0000
v -3.9417 12.7571 0.0000
v -3.7305 12.2383 0.0000
v -3.9330 12.4597 0.0000
v -4.2291 12.5079 0.0000
v -4.4808 12.6711 0.0000
v -3.9778 12.7563 0.0000
v -4.1379 13.0100 0.0000
v -3.2694 11.1816 0.0000
v -3.2602 11.4814 0.0000
v -3.4592 11.7059 0.0000
v -3.5696 11.9849 0.0000
v -3.5459 12.2839 0.0000
v -3.1305 11.7519 0.0000
v -3.0892 12.0491 0.0000
v -3.1500 12.3429 0.0000
v -3.2557 11.7814 0.0000
v -3.2511 12.0814 0.0000
v -3.0311 12.2853 0.0000
v -2.8975 12.5539 0.0000
v -2.8790 12.8533 0.0000
v -3.3088 12.3758 0.0000
v -3.2613 12.6720 0.0000
v -3.0919 12.9196 0.0000
v -3.0148 12.2662 0.0000
v -2.7785 12.4510 0.0000
v -2.7332 12.7476 0.0000
v -2.5984 13.0156 0.0000
v -2.3714 13.2117 0.0000
v -2.4944 12.5474 0.0000
v -2.2646 12.7402 0.0000
v -2.1193 13.0026 0.0000
v -2.6204 12.7059 0.0000
v -2.4623 12.9609 0.0000
v -2.5021 13.2582 0.0000
v -2.4428 13.5523 0.0000
v -2.1863 13.0785 0.0000
v -1.9596 13.2749 0.0000
v -2.3780 13.2488 0.0000
v -2.2938 13.5367 0.0000
v -2.0387 13.6947 0.0000
v -1.8522 13.9296 0.0000
v -1.7568 14.2141 0.0000
v -2.3456 13.8322 0.0000
v -2.3010 14.1289 0.0000
v -2.1382 14.3809 0.0000
v -3.3102 12.3755 0.0000
v -3.3692 12.6696 0.0000
v -3.6103 12.8481 0.0000
v -3.7465 13.1154 0.0000
v -3.3023 12.9621 0.0000
v -3.3498 13.2583 0.0000
v -3.3245 12.9663 0.0000
v -3.2799 13.2630 0.0000
v -3.0368 13.4388 0.0000
v -2.8979 13.7047 0.0000
v -2.8939 14.0046 0.0000
v -3.3281 13.5591 0.0000
v -3.2664 13.8527 0.0000
v -3.0895 14.0949 0.0000
v -3.1112 13.5110 0.0000
v -2.9424 13.7591 0.0000
v -2.9805 14.0567 0.0000
v -2.9134 14.3491 0.0000
v -2.6811 13.9063 0.0000
v -2.5083 14.1516 0.0000
v -2.0870 9.0209 0.0000
v -1.9499 9.2878 0.0000
v -2.0043 9.5828 0.0000
v -1.9412 9.8761 0.0000
v -1.6950 9.4459 0.0000
v -1.5024 9.6759 0.0000
v -1.7872 9.5398 0.0000
v -1.6244 9.7918 0.0000
v -1.6882 10.0849 0.0000
v -1.6297 10.3792 0.0000
v -1.3912 9.9805 0.0000
v -1.2346 10.2364 0.0000
v -1.3290 9.8438 0.0000
v -1.0335 9.8959 0.0000
v -0.8459 10.1300 0.0000
v -0.5772 10.2634 0.0000
v -0.7408 9.8300 0.0000
v -0.4463 9.8870 0.0000
v -0.7666 10.0330 0.0000
v -0.4998 10.1700 0.0000
v -0.4077 10.4555 0.0000
v -0.2143 10.6849 0.0000
v -0.1998 10.1725 0.0000
v 0.0687 10.3063 0.0000
v -0.3083 10.4010 0.0000
v -0.1169 10.6319 0.0000
v 0.1797 10.6773 0.0000
v 0.4461 10.8153 0.0000
v 0.6496 11.0357 0.0000
v 0.0055 10.9058 0.0000
v 0.2382 11.0953 0.0000
v 0.5201 11.1977 0.0000
v -1.6231 10.0918 0.0000
v -1.6219 10.3918 0.0000
v -1.3991 10.5927 0.0000
v -1.2756 10.8661 0.0000
v -1.2801 11.1661 0.0000
v -1.7228 10.6743 0.0000
v -1.7251 10.9743 0.0000
v -1.6049 11.2492 0.0000
v -1.4856 10.6590 0.0000
v -1.3493 10.9263 0.0000
v -1.0647 11.0212 0.0000
v -0.8525 11.2332 0.0000
v -0.7201 11.5025 0.0000
v -1.3645 11.2259 0.0000
v -1.2724 11.5114 0.0000
v -1.0762 11.7384 0.0000
v -1.1604 11.1594 0.0000
v -0.9715 11.3924 0.0000
v -1.0386 11.6848 0.0000
v -0.9731 11.9776 0.0000
v -0.7186 11.5538 0.0000
v -0.5575 11.8069 0.0000
v -1.6132 10.0916 0.0000
v -1.6020 10.3914 0.0000
v -1.3788 10.5919 0.0000
v -1.2466 10.8612 0.0000
v -1.2307 11.1607 0.0000
v -1.7177 10.6682 0.0000
v -1.6984 10.9676 0.0000
v -1.5751 11.2410 0.0000
v -1.6028 10.6914 0.0000
v -1.6036 10.9914 0.0000
v -1.8191 11.2001 0.0000
v -1.9400 11.4747 0.0000
v -1.4909 11.2694 0.0000
v -1.4806 11.5692 0.0000
v -1.3923 11.2044 0.0000
v -1.1811 11.4173 0.0000
v -0.8815 11.4333 0.0000
v -0.6093 11.5594 0.0000
v -0.4046 11.7788 0.0000
v -1.0579 11.6909 0.0000
v -0.8499 11.9070 0.0000
v -0.5799 12.0380 0.0000
v -1.0609 11.6922 0.0000
v -0.9407 11.9671 0.0000
v -1.0497 12.2465 0.0000
v -1.0425 12.5464 0.0000
v -0.9399 12.8284 0.0000
v -0.6974 12.1426 0.0000
v -0.5205 12.3850 0.0000
v -0.4695 12.6806 0.0000
v -0.9415 12.2671 0.0000
v -0.9424 12.5671 0.0000
v -1.1679 12.7649 0.0000
v -1.3140 13.0269 0.0000
v -0.8563 12.8545 0.0000
v -0.9119 13.1493 0.0000
v -1.7350 11.2611 0.0000
v -1.8664 11.5308 0.0000
v -2.1496 11.6296 0.0000
v -2.3894 11.8099 0.0000
v -1.8694 11.8308 0.0000
v -2.0086 12.0966 0.0000
v -1.8596 11.8307 0.0000
v -1.8528 12.1306 0.0000
v -1.6323 12.3341 0.0000
v -1.5198 12.6122 0.0000
v -1.5264 12.9121 0.0000
v -1.9494 12.4146 0.0000
v -1.9406 12.7145 0.0000
v -1.8317 12.9940 0.0000
v -1.7389 12.4082 0.0000
v -1.6250 12.6857 0.0000
v -1.7515 12.9578 0.0000
v -1.7642 13.2575 0.0000
v -1.4128 12.8978 0.0000
v -1.2904 13.1717 0.0000
v -1.7485 11.2540 0.0000
v -1.8935 11.5167 0.0000
v -2.1760 11.6177 0.0000
v -2.4063 11.8099 0.0000
v -1.8882 11.8167 0.0000
v -2.0124 12.0898 0.0000
v -1.9968 11.7984 0.0000
v -2.1001 12.0800 0.0000
v -2.3688 12.2133 0.0000
v -2.5531 12.4501 0.0000
v -2.0853 12.3797 0.0000
v -2.1738 12.6663 0.0000
v -2.3694 12.2121 0.0000
v -2.6388 12.3443 0.0000
v -2.9216 12.2442 0.0000
v -3.2215 12.2517 0.0000
v -2.8229 12.5811 0.0000
v -3.0769 12.7407 0.0000
v -2.7967 12.5993 0.0000
v -2.9546 12.8544 0.0000
v -2.9092 13.1510 0.0000
v -2.9790 13.4427 0.0000
v -3.1663 13.6771 0.0000
v -3.1946 13.0344 0.0000
v -3.3458 13.2935 0.0000
v -3.4027 13.5881 0.0000
v -3.0037 13.1504 0.0000
v -3.0527 13.4463 0.0000
v -2.8585 13.6750 0.0000
v -2.7427 13.9517 0.0000
v -2.7558 14.2514 0.0000
v -3.1889 13.7136 0.0000
v -3.2006 14.0134 0.0000
v -3.1134 14.3005 0.0000
v -2.0535 12.3764 0.0000
v -2.0070 12.6728 0.0000
v -2.1802 12.9177 0.0000
v -2.2683 13.2044 0.0000
v -2.2179 13.5002 0.0000
v -1.8229 12.9097 0.0000
v -1.7499 13.2006 0.0000
v -1.7858 13.4985 0.0000
v -2.0645 12.9672 0.0000
v -2.1219 13.2616 0.0000
v -2.3831 13.4094 0.0000
v -2.5873 13.6291 0.0000
v -2.0694 13.5570 0.0000
v -2.1414 13.8482 0.0000
v -2.3168 13.4897 0.0000
v -2.5117 13.7178 0.0000
v -2.4930 14.0172 0.0000
v -2.5770 14.3053 0.0000
v -2.7525 14.5485 0.0000
v -2.7828 13.8462 0.0000
v -2.9861 14.0668 0.0000
v -3.1134 14.3385 0.0000
v -2.0664 9.0093 0.0000
v -1.9086 9.2644 0.0000
v -1.9642 9.5593 0.0000
v -1.8858 9.8488 0.0000
v -1.6442 9.4062 0.0000
v -1.4621 9.6446 0.0000
v -1.7251 9.5018 0.0000
v -1.5417 9.7391 0.0000
v -1.2469 9.7950 0.0000
v -0.9990 9.9639 0.0000
v -0.8296 10.2116 0.0000
v -1.4829 10.0333 0.0000
v -1.3136 10.2810 0.0000
v -1.0636 10.4468 0.0000
v -1.2439 9.7756 0.0000
v -0.9461 9.8120 0.0000
v -0.7165 9.6189 0.0000
v -0.4336 9.5191 0.0000
v -0.1337 9.5283 0.0000
v -0.6689 9.9268 0.0000
v -0.3696 9.9466 0.0000
v -0.0807 9.8658 0.0000
v -0.6724 9.9348 0.0000
v -0.3986 10.0575 0.0000
v -0.3106 10.3443 0.0000
v -0.1098 10.5672 0.0000
v -0.1018 10.1009 0.0000
v 0.1467 10.2690 0.0000
v -0.2142 10.2942 0.0000
v -0.0298 10.5308 0.0000
v -0.0873 10.8252 0.0000
v -0.0070 11.1143 0.0000
v 0.1949 11.3362 0.0000
v 0.2088 10.7126 0.0000
v 0.3643 10.9692 0.0000
v 0.3859 11.2684 0.0000
v -1.4559 10.0266 0.0000
v -1.3701 10.3141 0.0000
v -1.1086 10.4612 0.0000
v -0.9360 10.7065 0.0000
v -0.8924 11.0034 0.0000
v -1.4136 10.6109 0.0000
v -1.3510 10.9043 0.0000
v -1.1994 11.1632 0.0000
v -1.1958 10.5583 0.0000
v -1.0216 10.8025 0.0000
v -1.0764 11.0974 0.0000
v -1.0108 11.3902 0.0000
v -0.7514 10.9330 0.0000
v -0.5573 11.1617 0.0000
v -0.7498 10.9295 0.0000
v -0.4780 11.0566 0.0000
v -0.1931 10.9626 0.0000
v 0.1068 10.9660 0.0000
v 0.3866 11.0742 0.0000
v -0.2736 11.2762 0.0000
v -0.0007 11.4007 0.0000
v 0.2993 11.4072 0.0000
v -1.3602 9.9780 0.0000
v -1.1787 10.2169 0.0000
v -0.8844 10.2749 0.0000
v -0.6336 10.4396 0.0000
v -0.4683 10.6899 0.0000
v -1.1000 10.5064 0.0000
v -0.9236 10.7491 0.0000
v -0.6586 10.8896 0.0000
v -1.0129 10.4669 0.0000
v -0.8470 10.7169 0.0000
v -0.5524 10.7738 0.0000
v -0.2994 10.9349 0.0000
v -0.1247 11.1788 0.0000
v -0.7945 11.0123 0.0000
v -0.6332 11.2652 0.0000
v -0.3768 11.4209 0.0000
v -0.9166 11.0087 0.0000
v -0.9863 11.3005 0.0000
v -1.2626 11.4173 0.0000
v -1.4814 11.6225 0.0000
v -0.9672 11.5999 0.0000
v -1.0413 11.8906 0.0000
v -0.9424 11.5973 0.0000
v -0.8985 11.8940 0.0000
v -1.0985 12.1176 0.0000
v -1.2140 12.3945 0.0000
v -1.2074 12.6944 0.0000
v -0.7454 12.1520 0.0000
v -0.7053 12.4493 0.0000
v -0.7575 12.7448 0.0000
v -0.7439 12.1512 0.0000
v -0.5894 12.4083 0.0000
v -0.6539 12.7013 0.0000
v -0.5980 12.9961 0.0000
v -0.4418 13.2522 0.0000
v -0.3311 12.5609 0.0000
v -0.1666 12.8118 0.0000
v -0.1302 13.1096 0.0000
v -0.5764 10.8464 0.0000
v -0.3057 10.9758 0.0000
v -0.1970 11.2554 0.0000
v -0.0042 11.4853 0.0000
v -0.0074 11.0072 0.0000
v 0.2566 11.1496 0.0000
v -0.0955 11.1899 0.0000
v 0.1147 11.4039 0.0000
v 0.1056 11.7038 0.0000
v 0.1925 11.9909 0.0000
v 0.3799 11.5440 0.0000
v 0.5514 11.7902 0.0000
v 0.2061 11.6897 0.0000
v 0.2976 11.9754 0.0000
v 0.1542 12.2389 0.0000
v 0.1159 12.5365 0.0000
v 0.5089 12.1883 0.0000
v 0.6399 12.4582 0.0000
v -0.8618 11.0165 0.0000
v -0.8767 11.3161 0.0000
v -1.0919 11.5251 0.0000
v -1.2329 11.7899 0.0000
v -0.7896 11.6032 0.0000
v -0.8447 11.8981 0.0000
v -0.9069 11.6146 0.0000
v -0.9372 11.9131 0.0000
v -1.1489 12.1257 0.0000
v -1.2611 12.4039 0.0000
v -0.8512 12.2005 0.0000
v -0.8877 12.4983 0.0000
v -0.7516 12.1488 0.0000
v -0.5661 12.3846 0.0000
v -0.2710 12.4388 0.0000
v -0.0306 12.6182 0.0000
v 0.1132 12.8815 0.0000
v -0.5060 12.6785 0.0000
v -0.3591 12.9401 0.0000
v -0.1332 13.1374 0.0000
v -0.4950 12.6760 0.0000
v -0.4239 12.9675 0.0000
v -0.1472 13.0832 0.0000
v 0.0612 13.2991 0.0000
v 0.1796 13.5747 0.0000
v -0.4661 13.2645 0.0000
v -0.4091 13.5590 0.0000
v -0.2257 13.7965 0.0000
v -0.4934 13.2593 0.0000
v -0.5628 13.5512 0.0000
v -0.8201 13.7054 0.0000
v -0.9800 13.9593 0.0000
v -1.0371 14.2538 0.0000
v -0.5276 13.8491 0.0000
v -0.5865 14.1433 0.0000
v -0.7662 14.3835 0.0000
v -1.0985 12.1660 0.0000
v -1.2597 12.4190 0.0000
v -1.5501 12.4945 0.0000
v -1.7814 12.6855 0.0000
v -1.9324 12.9448 0.0000
v -1.3350 12.7094 0.0000
v -1.4955 12.9629 0.0000
v -1.7472 13.1261 0.0000
v -1.3231 12.7122 0.0000
v -1.3865 13.0055 0.0000
v -1.6297 13.1811 0.0000
v -1.7862 13.4370 0.0000
v -1.8326 13.7334 0.0000
v -1.2902 13.2896 0.0000
v -1.3314 13.5868 0.0000
v -1.4833 13.8455 0.0000
v -1.2946 13.2911 0.0000
v -1.2028 13.5767 0.0000
v -0.9245 13.6885 0.0000
v -0.7102 13.8985 0.0000
v -0.5842 14.1708 0.0000
v -1.1963 13.8766 0.0000
v -1.0902 14.1572 0.0000
v -0.8765 14.3678 0.0000
v -0.8773 12.2070 0.0000
v -0.8174 12.5010 0.0000
v -0.9802 12.7530 0.0000
v -1.0423 13.0465 0.0000
v -1.0015 13.3437 0.0000
v -0.6872 12.7713 0.0000
v -0.6574 13.0698 0.0000
v -0.7407 13.3580 0.0000
v -0.7932 12.8000 0.0000
v -0.7691 13.0991 0.0000
v -0.5438 13.2971 0.0000
v -0.4106 13.5660 0.0000
v -0.4101 13.8660 0.0000
v -0.8702 13.3815 0.0000
v -0.8318 13.6790 0.0000
v -0.6905 13.9436 0.0000
v -0.5537 13.3079 0.0000
v -0.3384 13.5168 0.0000
v -0.0384 13.5210 0.0000
v 0.2449 13.6196 0.0000
v 0.4568 13.8320 0.0000
v -0.2417 13.8008 0.0000
v -0.0443 14.0267 0.0000
v 0.2348 14.1366 0.0000
v -0.2305 13.7967 0.0000
v -0.1226 14.0767 0.0000
v -0.2439 14.3510 0.0000
v -0.2673 14.6501 0.0000
v -0.1979 14.9420 0.0000
v 0.1002 14.2776 0.0000
v 0.2055 14.5585 0.0000
v 0.1869 14.8579 0.0000
v -0.1279 14.3766 0.0000
v -0.1332 14.6766 0.0000
v -0.3664 14.8652 0.0000
v -0.5312 15.1159 0.0000
v -0.5831 15.4114 0.0000
v -0.0407 14.9619 0.0000
v -0.0452 15.2619 0.0000
v -0.1688 15.5353 0.0000
v -0.8483 13.3884 0.0000
v -0.9276 13.6777 0.0000
v -0.7732 13.9350 0.0000
v -0.7144 14.2292 0.0000
v -0.7785 14.5223 0.0000
v -1.0791 13.9367 0.0000
v -1.1382 14.2308 0.0000
v -1.0811 14.5253 0.0000
v -0.8755 13.9732 0.0000
v -0.8235 14.2687 0.0000
v -1.0085 14.5048 0.0000
v -1.0852 14.7949 0.0000
v -1.0574 15.0936 0.0000
v -0.6886 14.5366 0.0000
v -0.6783 14.8364 0.0000
v -0.7970 15.1120 0.0000
v -0.6980 14.5411 0.0000
v -0.5724 14.8136 0.0000
v -0.6496 15.1035 0.0000
v -0.6121 15.4011 0.0000
v -0.4858 15.6732 0.0000
v -0.3196 14.9751 0.0000
v -0.1688 15.2345 0.0000
v -0.1183 15.5302 0.0000
v -0.5795 10.8527 0.0000
v -0.3120 10.9885 0.0000
v -0.0240 10.9044 0.0000
v 0.2743 10.9364 0.0000
v 0.5462 11.0632 0.0000
v -0.1051 11.2058 0.0000
v 0.1778 11.3057 0.0000
v 0.4774 11.2912 0.0000
v -0.0382 11.1111 0.0000
v 0.2357 11.2336 0.0000
v 0.5160 11.1268 0.0000
v 0.8158 11.1152 0.0000
v 1.1024 11.2038 0.0000
v 0.4474 11.4461 0.0000
v 0.7209 11.5695 0.0000
v 1.0197 11.5955 0.0000
v 0.5234 11.1487 0.0000
v 0.8111 11.0638 0.0000
v 0.9589 10.8027 0.0000
v 1.1929 10.6149 0.0000
v 1.4855 10.5486 0.0000
v 1.1111 11.0689 0.0000
v 1.3957 10.9739 0.0000
v 1.6188 10.7734 0.0000
v 1.1102 11.0875 0.0000
v 1.4093 11.1112 0.0000
v 1.6376 10.9166 0.0000
v 1.9225 10.8228 0.0000
v 2.2225 10.8277 0.0000
v 1.6706 11.2585 0.0000
v 1.9658 11.3120 0.0000
v 2.2581 11.2444 0.0000
v 1.6585 11.2782 0.0000
v 1.9077 11.4452 0.0000
v 1.9944 11.7324 0.0000
v 2.1739 11.9728 0.0000
v 2.1943 11.5338 0.0000
v 2.4305 11.7187 0.0000
v 0.4399 11.4534 0.0000
v 0.6441 11.6732 0.0000
v 0.6265 11.9726 0.0000
v 0.7135 12.2598 0.0000
v 0.9119 11.8083 0.0000
v 1.1142 12.0298 0.0000
v 0.8965 11.8353 0.0000
v 1.1489 11.9973 0.0000
v 1.1935 12.2940 0.0000
v 1.3667 12.5390 0.0000
v 1.4446 12.0482 0.0000
v 1.7023 12.2018 0.0000
v 1.4444 12.0494 0.0000
v 1.7399 12.1014 0.0000
v 1.9190 12.3420 0.0000
v 2.1831 12.4843 0.0000
v 2.4793 12.5322 0.0000
v 2.0224 12.0004 0.0000
v 2.3211 12.0274 0.0000
v 2.5901 12.1604 0.0000
v 0.4411 11.4523 0.0000
v 0.6464 11.6709 0.0000
v 0.6285 11.9704 0.0000
v 0.7018 12.2613 0.0000
v 0.8620 12.5150 0.0000
v 0.9176 11.7992 0.0000
v 1.1019 12.0360 0.0000
v 1.1581 12.3306 0.0000
v 0.8620 11.8796 0.0000
v 1.0775 12.0883 0.0000
v 1.3769 12.0686 0.0000
v 1.6603 12.1670 0.0000
v 1.8804 12.3708 0.0000
v 1.1858 12.3680 0.0000
v 1.4108 12.5664 0.0000
v 1.6929 12.6684 0.0000
v 1.0747 12.3882 0.0000
v 1.0719 12.6882 0.0000
v 0.8694 12.9096 0.0000
v 0.7455 13.1828 0.0000
v 1.2033 12.9580 0.0000
v 1.2299 13.2568 0.0000
v 1.2012 12.9589 0.0000
v 1.3306 13.2296 0.0000
v 1.2058 13.5025 0.0000
v 1.2183 13.8022 0.0000
v 1.3213 14.0840 0.0000
v 1.5422 13.4422 0.0000
v 1.6551 13.7202 0.0000
v 1.6387 14.0197 0.0000
v 1.5648 13.4170 0.0000
v 1.7991 13.6044 0.0000
v 1.8222 13.9035 0.0000
v 1.9569 14.1716 0.0000
v 2.0940 13.6597 0.0000
v 2.3564 13.8050 0.0000
v 1.3713 12.1489 0.0000
v 1.6652 12.2095 0.0000
v 1.8013 12.4768 0.0000
v 2.0356 12.6642 0.0000
v 2.3230 12.7502 0.0000
v 1.9617 12.1638 0.0000
v 2.2565 12.2189 0.0000
v 2.4987 12.3961 0.0000
v 1.8900 12.4081 0.0000
v 2.1149 12.6067 0.0000
v 2.4149 12.6038 0.0000
v 2.6958 12.7091 0.0000
v 2.9097 12.9195 0.0000
v 2.2256 12.8855 0.0000
v 2.4337 13.1016 0.0000
v 2.7160 13.2030 0.0000
v 2.2382 12.8802 0.0000
v 2.3615 13.1536 0.0000
v 2.6462 13.2483 0.0000
v 2.8693 13.4489 0.0000
v 2.9827 13.7267 0.0000
v 2.3413 13.4530 0.0000
v 2.4545 13.7308 0.0000
v 2.6753 13.9339 0.0000
v 0.0500 0.0000 0.0500
f 1 2 3098
f 3098 2 1
v 0.0500 0.3000 0.0500
f 2 3 3099
f 3099 3 2
v 0.0500 0.6000 0.0500
f 3 4 3100
f 3100 4 3
v -0.1509 0.8228 0.0500
f 4 5 3101
f 3101 5 4
v 0.0500 0.6000 0.0500
f 3 6 3102
f 3102 6 3
v 0.1762 0.8721 0.0500
f 6 7 3103
f 3103 7 6
v 0.0500 0.6000 0.0500
f 3 8 3104
f 3104 8 3
v 0.0692 0.8994 0.0500
f 8 9 3105
f 3105 9 8
v 0.0884 1.1988 0.0500
f 9 10 3106
f 3106 10 9
v -0.0947 1.4364 0.0500
f 10 11 3107
f 3107 11 10
v 0.0884 1.1988 0.0500
f 9 12 3108
f 3108 12 9
v 0.2543 1.4488 0.0500
f 12 13 3109
f 3109 13 12
v 0.0884 1.1988 0.0500
f 9 14 3110
f 3110 14 9
v -0.1115 1.4225 0.0500
f 14 15 3111
f 3111 15 14
v -0.3113 1.6462 0.0500
f 15 16 3112
f 3112 16 15
v -0.6113 1.6404 0.0500
f 16 17 3113
f 3113 17 16
v -0.3113 1.6462 0.0500
f 15 18 3114
f 3114 18 15
v -0.4321 1.9208 0.0500
f 18 19 3115
f 3115 19 18
v -0.3113 1.6462 0.0500
f 15 20 3116
f 3116 20 15
v -0.4410 1.9167 0.0500
f 20 21 3117
f 3117 21 20
v -0.5706 2.1873 0.0500
f 21 22 3118
f 3118 22 21
v -0.8434 2.3122 0.0500
f 22 23 3119
f 3119 23 22
v -0.5706 2.1873 0.0500
f 21 24 3120
f 3120 24 21
v -0.5574 2.4870 0.0500
f 24 25 3121
f 3121 25 24
v 0.0884 1.1988 0.0500
f 9 26 3122
f 3122 26 9
v 0.2266 1.4651 0.0500
f 26 27 3123
f 3123 27 26
v 0.3647 1.7314 0.0500
f 27 28 3124
f 3124 28 27
v 0.2771 2.0183 0.0500
f 28 29 3125
f 3125 29 28
v 0.3647 1.7314 0.0500
f 27 30 3126
f 3126 30 27
v 0.5985 1.9193 0.0500
f 30 31 3127
f 3127 31 30
v 0.3647 1.7314 0.0500
f 27 32 3128
f 3128 32 27
v 0.3812 2.0309 0.0500
f 32 33 3129
f 3129 33 32
v 0.3976 2.3305 0.0500
f 33 34 3130
f 3130 34 33
v 0.2119 2.5660 0.0500
f 34 35 3131
f 3131 35 34
v 0.3976 2.3305 0.0500
f 33 36 3132
f 3132 36 33
v 0.5179 2.6053 0.0500
f 36 37 3133
f 3133 37 36
v 0.0884 1.1988 0.0500
f 9 38 3134
f 3134 38 9
v 0.1065 1.4982 0.0500
f 38 39 3135
f 3135 39 38
v 0.1245 1.7977 0.0500
f 39 40 3136
f 3136 40 39
v 0.3345 2.0119 0.0500
f 40 41 3137
f 3137 41 40
v 0.4587 2.2850 0.0500
f 41 42 3138
f 3138 42 41
v 0.1245 1.7977 0.0500
f 39 43 3139
f 3139 43 39
v 0.0173 2.0779 0.0500
f 43 44 3140
f 3140 44 43
v 0.0481 2.3763 0.0500
f 44 45 3141
f 3141 45 44
v 0.1245 1.7977 0.0500
f 39 46 3142
f 3142 46 39
v 0.1317 2.0976 0.0500
f 46 47 3143
f 3143 47 46
v 0.1390 2.3975 0.0500
f 47 48 3144
f 3144 48 47
v -0.0692 2.6135 0.0500
f 48 49 3145
f 3145 49 48
v 0.1390 2.3975 0.0500
f 47 50 3146
f 3146 50 47
v 0.2779 2.6634 0.0500
f 50 51 3147
f 3147 51 50
v 0.1390 2.3975 0.0500
f 47 52 3148
f 3148 52 47
v -0.0982 2.5812 0.0500
f 52 53 3149
f 3149 53 52
v -0.3353 2.7649 0.0500
f 53 54 3150
f 3150 54 53
v -0.3697 3.0630 0.0500
f 54 55 3151
f 3151 55 54
v -0.5103 3.3280 0.0500
f 55 56 3152
f 3152 56 55
v -0.3353 2.7649 0.0500
f 53 57 3153
f 3153 57 53
v -0.6254 2.8415 0.0500
f 57 58 3154
f 3154 58 57
v -0.8697 3.0156 0.0500
f 58 59 3155
f 3155 59 58
v -0.3353 2.7649 0.0500
f 53 60 3156
f 3156 60 53
v -0.4833 3.0259 0.0500
f 60 61 3157
f 3157 61 60
v -0.6312 3.2869 0.0500
f 61 62 3158
f 3158 62 61
v -0.9233 3.3550 0.0500
f 62 63 3159
f 3159 63 62
v -1.1808 3.5091 0.0500
f 63 64 3160
f 3160 64 63
v -0.6312 3.2869 0.0500
f 61 65 3161
f 3161 65 61
v -0.6933 3.5804 0.0500
f 65 66 3162
f 3162 66 65
v -0.8823 3.8135 0.0500
f 66 67 3163
f 3163 67 66
v 0.1390 2.3975 0.0500
f 47 68 3164
f 3164 68 47
v 0.2468 2.6775 0.0500
f 68 69 3165
f 3165 69 68
v 0.3546 2.9574 0.0500
f 69 70 3166
f 3166 70 69
v 0.2445 3.2365 0.0500
f 70 71 3167
f 3167 71 70
v 0.3546 2.9574 0.0500
f 69 72 3168
f 3168 72 69
v 0.5323 3.1991 0.0500
f 72 73 3169
f 3169 73 72
v 0.3546 2.9574 0.0500
f 69 74 3170
f 3170 74 69
v 0.3168 3.2550 0.0500
f 74 75 3171
f 3171 75 74
v 0.2790 3.5526 0.0500
f 75 76 3172
f 3172 76 75
v 0.4492 3.7997 0.0500
f 76 77 3173
f 3173 77 76
v 0.4985 4.0956 0.0500
f 77 78 3174
f 3174 78 77
v 0.2790 3.5526 0.0500
f 75 79 3175
f 3175 79 75
v 0.1214 3.8079 0.0500
f 79 80 3176
f 3176 80 79
v 0.0491 4.0990 0.0500
f 80 81 3177
f 3177 81 80
v 0.1390 2.3975 0.0500
f 47 82 3178
f 3178 82 47
v -0.1002 2.5785 0.0500
f 82 83 3179
f 3179 83 82
v -0.3395 2.7595 0.0500
f 83 84 3180
f 3180 84 83
v -0.3823 3.0565 0.0500
f 84 85 3181
f 3181 85 84
v -0.5167 3.3246 0.0500
f 85 86 3182
f 3182 86 85
v -0.3395 2.7595 0.0500
f 83 87 3183
f 3183 87 83
v -0.6222 2.8600 0.0500
f 87 88 3184
f 3184 88 87
v -0.8347 3.0717 0.0500
f 88 89 3185
f 3185 89 88
v -0.3395 2.7595 0.0500
f 83 90 3186
f 3186 90 83
v -0.5702 2.9513 0.0500
f 90 91 3187
f 3187 91 90
v -0.8009 3.1430 0.0500
f 91 92 3188
f 3188 92 91
v -1.0976 3.0983 0.0500
f 92 93 3189
f 3189 93 92
v -0.8009 3.1430 0.0500
f 91 94 3190
f 3190 94 91
v -0.9640 3.3948 0.0500
f 94 95 3191
f 3191 95 94
v -0.8009 3.1430 0.0500
f 91 96 3192
f 3192 96 91
v -1.0973 3.0964 0.0500
f 96 97 3193
f 3193 97 96
v -1.3937 3.0498 0.0500
f 97 98 3194
f 3194 98 97
v -1.6151 3.2522 0.0500
f 98 99 3195
f 3195 99 98
v -1.9033 3.3355 0.0500
f 99 100 3196
f 3196 100 99
v -1.3937 3.0498 0.0500
f 97 101 3197
f 3197 101 97
v -1.6586 2.9091 0.0500
f 101 102 3198
f 3198 102 101
v -1.9579 2.8881 0.0500
f 102 103 3199
f 3199 103 102
v -1.3937 3.0498 0.0500
f 97 104 3200
f 3200 104 97
v -1.6894 3.0999 0.0500
f 104 105 3201
f 3201 105 104
v -1.9852 3.1500 0.0500
f 105 106 3202
f 3202 106 105
v -2.1266 3.4146 0.0500
f 106 107 3203
f 3203 107 106
v -2.3680 3.5926 0.0500
f 107 108 3204
f 3204 108 107
v -1.9852 3.1500 0.0500
f 105 109 3205
f 3205 109 105
v -2.2843 3.1264 0.0500
f 109 110 3206
f 3206 110 109
v -2.5722 3.2107 0.0500
f 110 111 3207
f 3207 111 110
v -1.9852 3.1500 0.0500
f 105 112 3208
f 3208 112 105
v -2.2334 3.3186 0.0500
f 112 113 3209
f 3209 113 112
v -2.4816 3.4871 0.0500
f 113 114 3210
f 3210 114 113
v -2.7648 3.3882 0.0500
f 114 115 3211
f 3211 115 114
v -2.4816 3.4871 0.0500
f 113 116 3212
f 3212 116 113
v -2.6889 3.7040 0.0500
f 116 117 3213
f 3213 117 116
v -0.8009 3.1430 0.0500
f 91 118 3214
f 3214 118 91
v -0.9622 3.3960 0.0500
f 118 119 3215
f 3215 119 118
v -1.1235 3.6490 0.0500
f 119 120 3216
f 3216 120 119
v -1.4222 3.6765 0.0500
f 120 121 3217
f 3217 121 120
v -1.1235 3.6490 0.0500
f 119 122 3218
f 3218 122 119
v -1.2009 3.9388 0.0500
f 122 123 3219
f 3219 123 122
v -1.1235 3.6490 0.0500
f 119 124 3220
f 3220 124 119
v -1.3936 3.7794 0.0500
f 124 125 3221
f 3221 125 124
v -1.6637 3.9099 0.0500
f 125 126 3222
f 3222 126 125
v -1.9474 3.8122 0.0500
f 126 127 3223
f 3223 127 126
v -1.6637 3.9099 0.0500
f 125 128 3224
f 3224 128 125
v -1.8800 4.1179 0.0500
f 128 129 3225
f 3225 129 128
v -1.6637 3.9099 0.0500
f 125 130 3226
f 3226 130 125
v -1.9635 3.8993 0.0500
f 130 131 3227
f 3227 131 130
v -2.2633 3.8886 0.0500
f 131 132 3228
f 3228 132 131
v -2.4880 3.6899 0.0500
f 132 133 3229
f 3229 133 132
v -2.7761 3.6062 0.0500
f 133 134 3230
f 3230 134 133
v -2.2633 3.8886 0.0500
f 131 135 3231
f 3231 135 131
v -2.5388 4.0076 0.0500
f 135 136 3232
f 3232 136 135
v -2.8374 4.0361 0.0500
f 136 137 3233
f 3233 137 136
v -0.8009 3.1430 0.0500
f 91 138 3234
f 3234 138 91
v -0.9956 3.3713 0.0500
f 138 139 3235
f 3235 139 138
v -1.1903 3.5995 0.0500
f 139 140 3236
f 3236 140 139
v -1.4903 3.6019 0.0500
f 140 141 3237
f 3237 141 140
v -1.7640 3.7246 0.0500
f 141 142 3238
f 3238 142 141
v -1.1903 3.5995 0.0500
f 139 143 3239
f 3239 143 139
v -1.2857 3.8840 0.0500
f 143 144 3240
f 3240 144 143
v -1.4644 4.1249 0.0500
f 144 145 3241
f 3241 145 144
v -1.1903 3.5995 0.0500
f 139 146 3242
f 3242 146 139
v -1.3797 3.8321 0.0500
f 146 147 3243
f 3243 147 146
v -1.5692 4.0647 0.0500
f 147 148 3244
f 3244 148 147
v -1.5593 4.3646 0.0500
f 148 149 3245
f 3245 149 148
v -1.6477 4.6512 0.0500
f 149 150 3246
f 3246 150 149
v -1.5692 4.0647 0.0500
f 147 151 3247
f 3247 151 147
v -1.8479 4.1757 0.0500
f 151 152 3248
f 3248 152 151
v -2.0450 4.4019 0.0500
f 152 153 3249
f 3249 153 152
v -1.5692 4.0647 0.0500
f 147 154 3250
f 3250 154 147
v -1.8686 4.0837 0.0500
f 154 155 3251
f 3251 155 154
v -2.1680 4.1026 0.0500
f 155 156 3252
f 3252 156 155
v -2.3443 4.3454 0.0500
f 156 157 3253
f 3253 157 156
v -2.5985 4.5047 0.0500
f 157 158 3254
f 3254 158 157
v -2.1680 4.1026 0.0500
f 155 159 3255
f 3255 159 155
v -2.4617 4.0416 0.0500
f 159 160 3256
f 3256 160 159
v -2.7517 4.1185 0.0500
f 160 161 3257
f 3257 161 160
v -2.1680 4.1026 0.0500
f 155 162 3258
f 3258 162 155
v -2.4193 4.2665 0.0500
f 162 163 3259
f 3259 163 162
v -2.6706 4.4304 0.0500
f 163 164 3260
f 3260 164 163
v -2.9659 4.3774 0.0500
f 164 165 3261
f 3261 165 164
v -2.6706 4.4304 0.0500
f 163 166 3262
f 3262 166 163
v -2.8248 4.6877 0.0500
f 166 167 3263
f 3263 167 166
v -1.5692 4.0647 0.0500
f 147 168 3264
f 3264 168 147
v -1.6914 4.3387 0.0500
f 168 169 3265
f 3265 169 168
v -1.8137 4.6127 0.0500
f 169 170 3266
f 3266 170 169
v -2.1049 4.6848 0.0500
f 170 171 3267
f 3267 171 170
v -1.8137 4.6127 0.0500
f 169 172 3268
f 3268 172 169
v -1.8809 4.9051 0.0500
f 172 173 3269
f 3269 173 172
v -1.8137 4.6127 0.0500
f 169 174 3270
f 3270 174 169
v -2.0464 4.8020 0.0500
f 174 175 3271
f 3271 175 174
v -2.2791 4.9913 0.0500
f 175 176 3272
f 3272 176 175
v -2.5730 4.9313 0.0500
f 176 177 3273
f 3273 177 176
v -2.2791 4.9913 0.0500
f 175 178 3274
f 3274 178 175
v -2.4685 5.2240 0.0500
f 178 179 3275
f 3275 179 178
v 0.1390 2.3975 0.0500
f 47 180 3276
f 3276 180 47
v 0.1863 2.6938 0.0500
f 180 181 3277
f 3277 181 180
v 0.2336 2.9900 0.0500
f 181 182 3278
f 3278 182 181
v 0.0358 3.2156 0.0500
f 182 183 3279
f 3279 183 182
v -0.0508 3.5028 0.0500
f 183 184 3280
f 3280 184 183
v 0.2336 2.9900 0.0500
f 181 185 3281
f 3281 185 181
v 0.3978 3.2411 0.0500
f 185 186 3282
f 3282 186 185
v 0.4369 3.5385 0.0500
f 186 187 3283
f 3283 187 186
v 0.2336 2.9900 0.0500
f 181 188 3284
f 3284 188 181
v 0.2650 3.2884 0.0500
f 188 189 3285
f 3285 189 188
v 0.2963 3.5867 0.0500
f 189 190 3286
f 3286 190 189
v 0.0708 3.7846 0.0500
f 190 191 3287
f 3287 191 190
v -0.0448 4.0614 0.0500
f 191 192 3288
f 3288 192 191
v 0.2963 3.5867 0.0500
f 189 193 3289
f 3289 193 189
v 0.4048 3.8664 0.0500
f 193 194 3290
f 3290 194 193
v 0.4228 4.1659 0.0500
f 194 195 3291
f 3291 195 194
v 0.2963 3.5867 0.0500
f 189 196 3292
f 3292 196 189
v 0.0828 3.7975 0.0500
f 196 197 3293
f 3293 197 196
v -0.1307 4.0082 0.0500
f 197 198 3294
f 3294 198 197
v -0.4307 4.0108 0.0500
f 198 199 3295
f 3295 199 198
v -0.7143 4.1086 0.0500
f 199 200 3296
f 3296 200 199
v -0.1307 4.0082 0.0500
f 197 201 3297
f 3297 201 197
v -0.2540 4.2817 0.0500
f 201 202 3298
f 3298 202 201
v -0.4695 4.4904 0.0500
f 202 203 3299
f 3299 203 202
v -0.1307 4.0082 0.0500
f 197 204 3300
f 3300 204 197
v -0.2594 4.2792 0.0500
f 204 205 3301
f 3301 205 204
v -0.3881 4.5502 0.0500
f 205 206 3302
f 3302 206 205
v -0.2957 4.8356 0.0500
f 206 207 3303
f 3303 207 206
v -0.3166 5.1349 0.0500
f 207 208 3304
f 3304 208 207
v -0.3881 4.5502 0.0500
f 205 209 3305
f 3305 209 205
v -0.6299 4.7277 0.0500
f 209 210 3306
f 3306 210 209
v -0.8019 4.9735 0.0500
f 210 211 3307
f 3307 211 210
v 0.2963 3.5867 0.0500
f 189 212 3308
f 3308 212 189
v 0.4602 3.8380 0.0500
f 212 213 3309
f 3309 213 212
v 0.6241 4.0893 0.0500
f 213 214 3310
f 3310 214 213
v 0.5844 4.3866 0.0500
f 214 215 3311
f 3311 215 214
v 0.6241 4.0893 0.0500
f 213 216 3312
f 3312 216 213
v 0.8846 4.2381 0.0500
f 216 217 3313
f 3313 217 216
v 0.6241 4.0893 0.0500
f 213 218 3314
f 3314 218 213
v 0.6742 4.3850 0.0500
f 218 219 3315
f 3315 219 218
v 0.7242 4.6808 0.0500
f 219 220 3316
f 3316 220 219
v 0.5570 4.9299 0.0500
f 220 221 3317
f 3317 221 220
v 0.4929 5.2229 0.0500
f 221 222 3318
f 3318 222 221
v 0.7242 4.6808 0.0500
f 219 223 3319
f 3319 223 219
v 0.8986 4.9250 0.0500
f 223 224 3320
f 3320 224 223
v 0.9447 5.2214 0.0500
f 224 225 3321
f 3321 225 224
v 0.2963 3.5867 0.0500
f 189 226 3322
f 3322 226 189
v 0.1857 3.8656 0.0500
f 226 227 3323
f 3323 227 226
v 0.0752 4.1445 0.0500
f 227 228 3324
f 3324 228 227
v 0.2031 4.4158 0.0500
f 228 229 3325
f 3325 229 228
v 0.1921 4.7156 0.0500
f 229 230 3326
f 3326 230 229
v 0.0752 4.1445 0.0500
f 227 231 3327
f 3327 231 227
v -0.1226 4.3700 0.0500
f 231 232 3328
f 3328 232 231
v -0.2130 4.6561 0.0500
f 232 233 3329
f 3329 233 232
v 0.0752 4.1445 0.0500
f 227 234 3330
f 3330 234 227
v -0.0264 4.4268 0.0500
f 234 235 3331
f 3331 235 234
v -0.1279 4.7091 0.0500
f 235 236 3332
f 3332 236 235
v 0.0068 4.9771 0.0500
f 236 237 3333
f 3333 237 236
v 0.0418 5.2751 0.0500
f 237 238 3334
f 3334 238 237
v -0.1279 4.7091 0.0500
f 235 239 3335
f 3335 239 235
v -0.3278 4.9328 0.0500
f 239 240 3336
f 3336 240 239
v -0.4323 5.2140 0.0500
f 240 241 3337
f 3337 241 240
v -0.1279 4.7091 0.0500
f 235 242 3338
f 3338 242 235
v -0.4053 4.8234 0.0500
f 242 243 3339
f 3339 243 242
v -0.6826 4.9377 0.0500
f 243 244 3340
f 3340 244 243
v -0.9440 4.7905 0.0500
f 244 245 3341
f 3341 245 244
v -1.2409 4.7471 0.0500
f 245 246 3342
f 3342 246 245
v -0.6826 4.9377 0.0500
f 243 247 3343
f 3343 247 243
v -0.9115 5.1317 0.0500
f 247 248 3344
f 3344 248 247
v -1.1971 5.2235 0.0500
f 248 249 3345
f 3345 249 248
v -0.6826 4.9377 0.0500
f 243 250 3346
f 3346 250 243
v -0.9059 5.1381 0.0500
f 250 251 3347
f 3347 251 250
v -1.1293 5.3384 0.0500
f 251 252 3348
f 3348 252 251
v -1.4238 5.2813 0.0500
f 252 253 3349
f 3349 253 252
v -1.7197 5.3305 0.0500
f 253 254 3350
f 3350 254 253
v -1.1293 5.3384 0.0500
f 251 255 3351
f 3351 255 251
v -1.2527 5.6118 0.0500
f 255 256 3352
f 3352 256 255
v -1.4654 5.8234 0.0500
f 256 257 3353
f 3353 257 256
v -1.1293 5.3384 0.0500
f 251 258 3354
f 3354 258 251
v -1.2470 5.6143 0.0500
f 258 259 3355
f 3355 259 258
v -1.3648 5.8902 0.0500
f 259 260 3356
f 3356 260 259
v -1.6283 6.0337 0.0500
f 260 261 3357
f 3357 261 260
v -1.3648 5.8902 0.0500
f 259 262 3358
f 3358 262 259
v -1.3605 6.1902 0.0500
f 262 263 3359
f 3359 263 262
v -0.1279 4.7091 0.0500
f 235 264 3360
f 3360 264 235
v -0.1027 5.0080 0.0500
f 264 265 3361
f 3361 265 264
v -0.0775 5.3069 0.0500
f 265 266 3362
f 3362 266 265
v -0.2889 5.5198 0.0500
f 266 267 3363
f 3363 267 266
v -0.0775 5.3069 0.0500
f 265 268 3364
f 3364 268 265
v 0.0301 5.5870 0.0500
f 268 269 3365
f 3365 269 268
v -0.0775 5.3069 0.0500
f 265 270 3366
f 3366 270 265
v -0.1881 5.5858 0.0500
f 270 271 3367
f 3367 271 270
v -0.2987 5.8647 0.0500
f 271 272 3368
f 3368 272 271
v -0.5606 6.0110 0.0500
f 272 273 3369
f 3369 273 272
v -0.2987 5.8647 0.0500
f 271 274 3370
f 3370 274 271
v -0.2704 6.1634 0.0500
f 274 275 3371
f 3371 275 274
v -0.2987 5.8647 0.0500
f 271 276 3372
f 3372 276 271
v -0.4719 6.1096 0.0500
f 276 277 3373
f 3373 277 276
v -0.6451 6.3546 0.0500
f 277 278 3374
f 3374 278 277
v -0.9431 6.3897 0.0500
f 278 279 3375
f 3375 279 278
v -1.1962 6.5507 0.0500
f 279 280 3376
f 3376 280 279
v -0.6451 6.3546 0.0500
f 277 281 3377
f 3377 281 277
v -0.7507 6.6354 0.0500
f 281 282 3378
f 3378 282 281
v -0.9574 6.8528 0.0500
f 282 283 3379
f 3379 283 282
v 0.1390 2.3975 0.0500
f 47 284 3380
f 3380 284 47
v 0.0808 2.6918 0.0500
f 284 285 3381
f 3381 285 284
v 0.0225 2.9861 0.0500
f 285 286 3382
f 3382 286 285
v -0.2328 3.1436 0.0500
f 286 287 3383
f 3383 287 286
v 0.0225 2.9861 0.0500
f 285 288 3384
f 3384 288 285
v 0.0841 3.2797 0.0500
f 288 289 3385
f 3385 289 288
v 0.0225 2.9861 0.0500
f 285 290 3386
f 3386 290 285
v -0.0282 3.2818 0.0500
f 290 291 3387
f 3387 291 290
v -0.0790 3.5774 0.0500
f 291 292 3388
f 3388 292 291
v -0.3148 3.7629 0.0500
f 292 293 3389
f 3389 293 292
v -0.4389 4.0360 0.0500
f 293 294 3390
f 3390 294 293
v -0.0790 3.5774 0.0500
f 291 295 3391
f 3391 295 291
v 0.0179 3.8613 0.0500
f 295 296 3392
f 3392 296 295
v -0.0009 4.1608 0.0500
f 296 297 3393
f 3393 297 296
v -0.0790 3.5774 0.0500
f 291 298 3394
f 3394 298 291
v -0.3183 3.7584 0.0500
f 298 299 3395
f 3395 299 298
v -0.5575 3.9394 0.0500
f 299 300 3396
f 3396 300 299
v -0.5683 4.2392 0.0500
f 300 301 3397
f 3397 301 300
v -0.6975 4.5100 0.0500
f 301 302 3398
f 3398 302 301
v -0.5575 3.9394 0.0500
f 299 303 3399
f 3399 303 299
v -0.8510 4.0018 0.0500
f 303 304 3400
f 3400 304 303
v -1.0972 4.1732 0.0500
f 304 305 3401
f 3401 305 304
v -0.5575 3.9394 0.0500
f 299 306 3402
f 3402 306 299
v -0.6865 4.2103 0.0500
f 306 307 3403
f 3403 307 306
v -0.8155 4.4811 0.0500
f 307 308 3404
f 3404 308 307
v -1.0836 4.6159 0.0500
f 308 309 3405
f 3405 309 308
v -0.8155 4.4811 0.0500
f 307 310 3406
f 3406 310 307
v -0.8013 4.7808 0.0500
f 310 311 3407
f 3407 311 310
v -0.8155 4.4811 0.0500
f 307 312 3408
f 3408 312 307
v -0.7972 4.7806 0.0500
f 312 313 3409
f 3409 313 312
v -0.7788 5.0800 0.0500
f 313 314 3410
f 3410 314 313
v -0.5472 5.2707 0.0500
f 314 315 3411
f 3411 315 314
v -0.3997 5.5319 0.0500
f 315 316 3412
f 3412 316 315
v -0.7788 5.0800 0.0500
f 313 317 3413
f 3413 317 313
v -0.8775 5.3633 0.0500
f 317 318 3414
f 3414 318 317
v -0.8636 5.6630 0.0500
f 318 319 3415
f 3415 319 318
v -0.0790 3.5774 0.0500
f 291 320 3416
f 3416 320 291
v 0.0031 3.8660 0.0500
f 320 321 3417
f 3417 321 320
v 0.0853 4.1545 0.0500
f 321 322 3418
f 3418 322 321
v -0.0484 4.4231 0.0500
f 322 323 3419
f 3419 323 322
v 0.0853 4.1545 0.0500
f 321 324 3420
f 3420 324 321
v 0.2803 4.3825 0.0500
f 324 325 3421
f 3421 325 324
v 0.0853 4.1545 0.0500
f 321 326 3422
f 3422 326 321
v 0.0684 4.4540 0.0500
f 326 327 3423
f 3423 327 326
v 0.0515 4.7536 0.0500
f 327 328 3424
f 3424 328 327
v 0.2595 4.9697 0.0500
f 328 329 3425
f 3425 329 328
v 0.3779 5.2454 0.0500
f 329 330 3426
f 3426 330 329
v 0.0515 4.7536 0.0500
f 327 331 3427
f 3427 331 327
v -0.0820 5.0222 0.0500
f 331 332 3428
f 3428 332 331
v -0.1139 5.3205 0.0500
f 332 333 3429
f 3429 333 332
v 0.0515 4.7536 0.0500
f 327 334 3430
f 3430 334 327
v -0.0821 5.0222 0.0500
f 334 335 3431
f 3431 335 334
v -0.2157 5.2907 0.0500
f 335 336 3432
f 3432 336 335
v -0.1229 5.5760 0.0500
f 336 337 3433
f 3433 337 336
v -0.1595 5.8738 0.0500
f 337 338 3434
f 3434 338 337
v -0.2157 5.2907 0.0500
f 335 339 3435
f 3435 339 335
v -0.4732 5.4447 0.0500
f 339 340 3436
f 3436 340 339
v -0.6357 5.6969 0.0500
f 340 341 3437
f 3437 341 340
v -0.0790 3.5774 0.0500
f 291 342 3438
f 3438 342 291
v -0.1228 3.8742 0.0500
f 342 343 3439
f 3439 343 342
v -0.1666 4.1710 0.0500
f 343 344 3440
f 3440 344 343
v -0.4174 4.3356 0.0500
f 344 345 3441
f 3441 345 344
v -0.1666 4.1710 0.0500
f 343 346 3442
f 3442 346 343
v -0.0445 4.4450 0.0500
f 346 347 3443
f 3443 347 346
v -0.1666 4.1710 0.0500
f 343 348 3444
f 3444 348 343
v -0.1796 4.4707 0.0500
f 348 349 3445
f 3445 349 348
v -0.1926 4.7704 0.0500
f 349 350 3446
f 3446 350 349
v -0.4044 4.9829 0.0500
f 350 351 3447
f 3447 351 350
v -0.1926 4.7704 0.0500
f 349 352 3448
f 3448 352 349
v -0.0952 5.0542 0.0500
f 352 353 3449
f 3449 353 352
v -0.1926 4.7704 0.0500
f 349 354 3450
f 3450 354 349
v -0.3963 4.9907 0.0500
f 354 355 3451
f 3451 355 354
v -0.5999 5.2110 0.0500
f 355 356 3452
f 3452 356 355
v -0.8996 5.2243 0.0500
f 356 357 3453
f 3453 357 356
v -0.5999 5.2110 0.0500
f 355 358 3454
f 3454 358 355
v -0.6874 5.4979 0.0500
f 358 359 3455
f 3455 359 358
v -0.5999 5.2110 0.0500
f 355 360 3456
f 3456 360 355
v -0.6539 5.5061 0.0500
f 360 361 3457
f 3457 361 360
v -0.7080 5.8012 0.0500
f 361 362 3458
f 3458 362 361
v -0.9597 5.9644 0.0500
f 362 363 3459
f 3459 363 362
v -0.7080 5.8012 0.0500
f 361 364 3460
f 3460 364 361
v -0.6722 6.0990 0.0500
f 364 365 3461
f 3461 365 364
v -0.7080 5.8012 0.0500
f 361 366 3462
f 3462 366 361
v -0.6561 6.0967 0.0500
f 366 367 3463
f 3463 367 366
v -0.6043 6.3921 0.0500
f 367 368 3464
f 3464 368 367
v -0.7778 6.6369 0.0500
f 368 369 3465
f 3465 369 368
v -0.8530 6.9273 0.0500
f 369 370 3466
f 3466 370 369
v -0.6043 6.3921 0.0500
f 367 371 3467
f 3467 371 367
v -0.4333 6.6386 0.0500
f 371 372 3468
f 3468 372 371
v -0.3812 6.9341 0.0500
f 372 373 3469
f 3469 373 372
v -0.1926 4.7704 0.0500
f 349 374 3470
f 3470 374 349
v -0.1149 5.0602 0.0500
f 374 375 3471
f 3471 375 374
v -0.0371 5.3500 0.0500
f 375 376 3472
f 3472 376 375
v 0.2274 5.4915 0.0500
f 376 377 3473
f 3473 377 376
v 0.4370 5.7061 0.0500
f 377 378 3474
f 3474 378 377
v -0.0371 5.3500 0.0500
f 375 379 3475
f 3475 379 375
v -0.0537 5.6495 0.0500
f 379 380 3476
f 3476 380 379
v 0.0497 5.9311 0.0500
f 380 381 3477
f 3477 381 380
v -0.0371 5.3500 0.0500
f 375 382 3478
f 3478 382 375
v -0.0396 5.6500 0.0500
f 382 383 3479
f 3479 383 382
v -0.0421 5.9499 0.0500
f 383 384 3480
f 3480 384 383
v -0.2476 6.1685 0.0500
f 384 385 3481
f 3481 385 384
v -0.3522 6.4497 0.0500
f 385 386 3482
f 3482 386 385
v -0.0421 5.9499 0.0500
f 383 387 3483
f 3483 387 383
v 0.0635 6.2308 0.0500
f 387 388 3484
f 3484 388 387
v 0.0625 6.5308 0.0500
f 388 389 3485
f 3485 389 388
v -0.0421 5.9499 0.0500
f 383 390 3486
f 3486 390 383
v -0.1440 6.2321 0.0500
f 390 391 3487
f 3487 391 390
v -0.2459 6.5143 0.0500
f 391 392 3488
f 3488 392 391
v -0.5173 6.6420 0.0500
f 392 393 3489
f 3489 393 392
v -0.2459 6.5143 0.0500
f 391 394 3490
f 3490 394 391
v -0.1982 6.8105 0.0500
f 394 395 3491
f 3491 395 394
v -0.1926 4.7704 0.0500
f 349 396 3492
f 3492 396 349
v -0.0104 5.0088 0.0500
f 396 397 3493
f 3493 397 396
v 0.1719 5.2471 0.0500
f 397 398 3494
f 3494 398 397
v 0.4697 5.2830 0.0500
f 398 399 3495
f 3495 399 398
v 0.7277 5.4362 0.0500
f 399 400 3496
f 3496 400 399
v 0.1719 5.2471 0.0500
f 397 401 3497
f 3497 401 397
v 0.2397 5.5393 0.0500
f 401 402 3498
f 3498 402 401
v 0.4144 5.7832 0.0500
f 402 403 3499
f 3499 403 402
v 0.1719 5.2471 0.0500
f 397 404 3500
f 3500 404 397
v 0.3436 5.4931 0.0500
f 404 405 3501
f 3501 405 404
v 0.5153 5.7390 0.0500
f 405 406 3502
f 3502 406 405
v 0.8073 5.8082 0.0500
f 406 407 3503
f 3503 407 406
v 1.0442 5.9923 0.0500
f 407 408 3504
f 3504 408 407
v 0.5153 5.7390 0.0500
f 405 409 3505
f 3505 409 405
v 0.5479 6.0373 0.0500
f 409 410 3506
f 3506 410 409
v 0.7024 6.2944 0.0500
f 410 411 3507
f 3507 411 410
v 0.5153 5.7390 0.0500
f 405 412 3508
f 3508 412 405
v 0.4784 6.0368 0.0500
f 412 413 3509
f 3509 413 412
v 0.4415 6.3345 0.0500
f 413 414 3510
f 3510 414 413
v 0.6156 6.5788 0.0500
f 414 415 3511
f 3511 415 414
v 0.6643 6.8748 0.0500
f 415 416 3512
f 3512 416 415
v 0.4415 6.3345 0.0500
f 413 417 3513
f 3513 417 413
v 0.2719 6.5820 0.0500
f 417 418 3514
f 3514 418 417
v 0.2321 6.8793 0.0500
f 418 419 3515
f 3515 419 418
v 0.4415 6.3345 0.0500
f 413 420 3516
f 3516 420 413
v 0.4917 6.6303 0.0500
f 420 421 3517
f 3517 421 420
v 0.5419 6.9260 0.0500
f 421 422 3518
f 3518 422 421
v 0.3612 7.1655 0.0500
f 422 423 3519
f 3519 423 422
v 0.5419 6.9260 0.0500
f 421 424 3520
f 3520 424 421
v 0.6928 7.1853 0.0500
f 424 425 3521
f 3521 425 424
v 0.5419 6.9260 0.0500
f 421 426 3522
f 3522 426 421
v 0.6684 7.1980 0.0500
f 426 427 3523
f 3523 427 426
v 0.7950 7.4700 0.0500
f 427 428 3524
f 3524 428 427
v 0.7129 7.7586 0.0500
f 428 429 3525
f 3525 429 428
v 0.7950 7.4700 0.0500
f 427 430 3526
f 3526 430 427
v 1.0266 7.6607 0.0500
f 430 431 3527
f 3527 431 430
v 0.5153 5.7390 0.0500
f 405 432 3528
f 3528 432 405
v 0.7702 5.8973 0.0500
f 432 433 3529
f 3529 433 432
v 1.0250 6.0556 0.0500
f 433 434 3530
f 3530 434 433
v 1.3242 6.0340 0.0500
f 434 435 3531
f 3531 435 434
v 1.6121 6.1184 0.0500
f 435 436 3532
f 3532 436 435
v 1.0250 6.0556 0.0500
f 433 437 3533
f 3533 437 433
v 1.1692 6.3187 0.0500
f 437 438 3534
f 3534 438 437
v 1.4075 6.5010 0.0500
f 438 439 3535
f 3535 439 438
v 1.0250 6.0556 0.0500
f 433 440 3536
f 3536 440 433
v 1.1434 6.3313 0.0500
f 440 441 3537
f 3537 441 440
v 1.2617 6.6070 0.0500
f 441 442 3538
f 3538 442 441
v 1.1666 6.8915 0.0500
f 442 443 3539
f 3539 443 442
v 1.1983 7.1898 0.0500
f 443 444 3540
f 3540 444 443
v 1.2617 6.6070 0.0500
f 441 445 3541
f 3541 445 441
v 1.4862 6.8060 0.0500
f 445 446 3542
f 3542 446 445
v 1.6014 7.0830 0.0500
f 446 447 3543
f 3543 447 446
v 1.2617 6.6070 0.0500
f 441 448 3544
f 3544 448 441
v 1.2785 6.9065 0.0500
f 448 449 3545
f 3545 449 448
v 1.2954 7.2060 0.0500
f 449 450 3546
f 3546 450 449
v 1.5188 7.4063 0.0500
f 450 451 3547
f 3547 451 450
v 1.6559 7.6731 0.0500
f 451 452 3548
f 3548 452 451
v 1.2954 7.2060 0.0500
f 449 453 3549
f 3549 453 449
v 1.1787 7.4824 0.0500
f 453 454 3550
f 3550 454 453
v 1.1838 7.7824 0.0500
f 454 455 3551
f 3551 455 454
v 0.5153 5.7390 0.0500
f 405 456 3552
f 3552 456 405
v 0.5643 6.0350 0.0500
f 456 457 3553
f 3553 457 456
v 0.6133 6.3310 0.0500
f 457 458 3554
f 3554 458 457
v 0.8542 6.5097 0.0500
f 458 459 3555
f 3555 459 458
v 0.9917 6.7764 0.0500
f 459 460 3556
f 3556 460 459
v 0.6133 6.3310 0.0500
f 457 461 3557
f 3557 461 457
v 0.5609 6.6264 0.0500
f 461 462 3558
f 3558 462 461
v 0.6401 6.9157 0.0500
f 462 463 3559
f 3559 463 462
v 0.6133 6.3310 0.0500
f 457 464 3560
f 3560 464 457
v 0.6848 6.6223 0.0500
f 464 465 3561
f 3561 465 464
v 0.7563 6.9137 0.0500
f 465 466 3562
f 3562 466 465
v 0.5808 7.1570 0.0500
f 466 467 3563
f 3563 467 466
v 0.5205 7.4509 0.0500
f 467 468 3564
f 3564 468 467
v 0.7563 6.9137 0.0500
f 465 469 3565
f 3565 469 465
v 0.9159 7.1677 0.0500
f 469 470 3566
f 3566 470 469
v 0.9757 7.4617 0.0500
f 470 471 3567
f 3567 471 470
v 0.7563 6.9137 0.0500
f 465 472 3568
f 3568 472 465
v 0.6310 7.1863 0.0500
f 472 473 3569
f 3569 473 472
v 0.5056 7.4588 0.0500
f 473 474 3570
f 3570 474 473
v 0.6157 7.7379 0.0500
f 474 475 3571
f 3571 475 474
v 0.6105 8.0378 0.0500
f 475 476 3572
f 3572 476 475
v 0.5056 7.4588 0.0500
f 473 477 3573
f 3573 477 473
v 0.2796 7.6560 0.0500
f 477 478 3574
f 3574 478 477
v 0.1352 7.9190 0.0500
f 478 479 3575
f 3575 479 478
v 0.5056 7.4588 0.0500
f 473 480 3576
f 3576 480 473
v 0.4926 7.7585 0.0500
f 480 481 3577
f 3577 481 480
v 0.4796 8.0583 0.0500
f 481 482 3578
f 3578 482 481
v 0.2442 8.2442 0.0500
f 482 483 3579
f 3579 483 482
v 0.4796 8.0583 0.0500
f 481 484 3580
f 3580 484 481
v 0.5642 8.3461 0.0500
f 484 485 3581
f 3581 485 484
v 0.4796 8.0583 0.0500
f 481 486 3582
f 3582 486 481
v 0.5383 8.3525 0.0500
f 486 487 3583
f 3583 487 486
v 0.5970 8.6467 0.0500
f 487 488 3584
f 3584 488 487
v 0.4111 8.8821 0.0500
f 488 489 3585
f 3585 489 488
v 0.3408 9.1737 0.0500
f 489 490 3586
f 3586 490 489
v 0.5970 8.6467 0.0500
f 487 491 3587
f 3587 491 487
v 0.7081 8.9253 0.0500
f 491 492 3588
f 3588 492 491
v 0.7043 9.2253 0.0500
f 492 493 3589
f 3589 493 492
v 0.7563 6.9137 0.0500
f 465 494 3590
f 3590 494 465
v 0.9597 7.1342 0.0500
f 494 495 3591
f 3591 495 494
v 1.1631 7.3547 0.0500
f 495 496 3592
f 3592 496 495
v 1.1431 7.6541 0.0500
f 496 497 3593
f 3593 497 496
v 1.1631 7.3547 0.0500
f 495 498 3594
f 3594 498 495
v 1.4352 7.4811 0.0500
f 498 499 3595
f 3595 499 498
v 1.1631 7.3547 0.0500
f 495 500 3596
f 3596 500 495
v 1.2621 7.6379 0.0500
f 500 501 3597
f 3597 501 500
v 1.3611 7.9211 0.0500
f 501 502 3598
f 3598 502 501
v 1.6333 8.0472 0.0500
f 502 503 3599
f 3599 503 502
v 1.8430 8.2617 0.0500
f 503 504 3600
f 3600 504 503
v 1.3611 7.9211 0.0500
f 501 505 3601
f 3601 505 501
v 1.3324 8.2198 0.0500
f 505 506 3602
f 3602 506 505
v 1.4134 8.5086 0.0500
f 506 507 3603
f 3603 507 506
v 1.3611 7.9211 0.0500
f 501 508 3604
f 3604 508 501
v 1.3288 8.2194 0.0500
f 508 509 3605
f 3605 509 508
v 1.2966 8.5177 0.0500
f 509 510 3606
f 3606 510 509
v 1.0544 8.6947 0.0500
f 510 511 3607
f 3607 511 510
v 0.8936 8.9480 0.0500
f 511 512 3608
f 3608 512 511
v 1.2966 8.5177 0.0500
f 509 513 3609
f 3609 513 509
v 1.4042 8.7977 0.0500
f 513 514 3610
f 3610 514 513
v 1.3769 9.0964 0.0500
f 514 515 3611
f 3611 515 514
v 0.7563 6.9137 0.0500
f 465 516 3612
f 3612 516 465
v 0.7543 7.2137 0.0500
f 516 517 3613
f 3613 517 516
v 0.7523 7.5137 0.0500
f 517 518 3614
f 3614 518 517
v 0.9760 7.7136 0.0500
f 518 519 3615
f 3615 519 518
v 1.1127 7.9806 0.0500
f 519 520 3616
f 3616 520 519
v 0.7523 7.5137 0.0500
f 517 521 3617
f 3617 521 517
v 0.6672 7.8014 0.0500
f 521 522 3618
f 3618 522 521
v 0.7236 8.0960 0.0500
f 522 523 3619
f 3619 523 522
v 0.7523 7.5137 0.0500
f 517 524 3620
f 3620 524 517
v 0.7768 7.8127 0.0500
f 524 525 3621
f 3621 525 524
v 0.8013 8.1117 0.0500
f 525 526 3622
f 3622 526 525
v 1.0318 8.3036 0.0500
f 526 527 3623
f 3623 527 526
v 1.1919 8.5574 0.0500
f 527 528 3624
f 3624 528 527
v 0.8013 8.1117 0.0500
f 525 529 3625
f 3625 529 525
v 0.7313 8.4034 0.0500
f 529 530 3626
f 3626 530 529
v 0.7913 8.6974 0.0500
f 530 531 3627
f 3627 531 530
v 0.8013 8.1117 0.0500
f 525 532 3628
f 3628 532 525
v 0.6079 8.3410 0.0500
f 532 533 3629
f 3629 533 532
v 0.4145 8.5704 0.0500
f 533 534 3630
f 3630 534 533
v 0.1167 8.6061 0.0500
f 534 535 3631
f 3631 535 534
v 0.4145 8.5704 0.0500
f 533 536 3632
f 3632 536 533
v 0.3132 8.8528 0.0500
f 536 537 3633
f 3633 537 536
v 0.4145 8.5704 0.0500
f 533 538 3634
f 3634 538 533
v 0.3449 8.8622 0.0500
f 538 539 3635
f 3635 539 538
v 0.2752 9.1540 0.0500
f 539 540 3636
f 3636 540 539
v 0.0147 9.3028 0.0500
f 540 541 3637
f 3637 541 540
v -0.1643 9.5435 0.0500
f 541 542 3638
f 3638 542 541
v 0.2752 9.1540 0.0500
f 539 543 3639
f 3639 543 539
v 0.3404 9.4468 0.0500
f 543 544 3640
f 3640 544 543
v 0.2900 9.7426 0.0500
f 544 545 3641
f 3641 545 544
v 0.8013 8.1117 0.0500
f 525 546 3642
f 3642 546 525
v 0.8898 8.3983 0.0500
f 546 547 3643
f 3643 547 546
v 0.9783 8.6850 0.0500
f 547 548 3644
f 3644 548 547
v 0.8521 8.9571 0.0500
f 548 549 3645
f 3645 549 548
v 0.9783 8.6850 0.0500
f 547 550 3646
f 3646 550 547
v 1.1526 8.9291 0.0500
f 550 551 3647
f 3647 551 550
v 0.9783 8.6850 0.0500
f 547 552 3648
f 3648 552 547
v 0.9111 8.9773 0.0500
f 552 553 3649
f 3649 553 552
v 0.8439 9.2697 0.0500
f 553 554 3650
f 3650 554 553
v 1.0124 9.5179 0.0500
f 554 555 3651
f 3651 555 554
v 1.0980 9.8054 0.0500
f 555 556 3652
f 3652 556 555
v 0.8439 9.2697 0.0500
f 553 557 3653
f 3653 557 553
v 0.6782 9.5198 0.0500
f 557 558 3654
f 3654 558 557
v 0.6008 9.8097 0.0500
f 558 559 3655
f 3655 559 558
v -0.1926 4.7704 0.0500
f 349 560 3656
f 3656 560 349
v -0.3278 5.0382 0.0500
f 560 561 3657
f 3657 561 560
v -0.4631 5.3060 0.0500
f 561 562 3658
f 3658 562 561
v -0.3922 5.5975 0.0500
f 562 563 3659
f 3659 563 562
v -0.4259 5.8956 0.0500
f 563 564 3660
f 3660 564 563
v -0.4631 5.3060 0.0500
f 561 565 3661
f 3661 565 561
v -0.6913 5.5007 0.0500
f 565 566 3662
f 3662 566 565
v -0.8253 5.7692 0.0500
f 566 567 3663
f 3663 567 566
v -0.4631 5.3060 0.0500
f 561 568 3664
f 3664 568 561
v -0.6175 5.5632 0.0500
f 568 569 3665
f 3665 569 568
v -0.7718 5.8205 0.0500
f 569 570 3666
f 3666 570 569
v -1.0576 5.9117 0.0500
f 570 571 3667
f 3667 571 570
v -0.7718 5.8205 0.0500
f 569 572 3668
f 3668 572 569
v -0.7838 6.1202 0.0500
f 572 573 3669
f 3669 573 572
v -0.7718 5.8205 0.0500
f 569 574 3670
f 3670 574 569
v -1.0594 5.9060 0.0500
f 574 575 3671
f 3671 575 574
v -1.3469 5.9915 0.0500
f 575 576 3672
f 3672 576 575
v -1.4982 6.2506 0.0500
f 576 577 3673
f 3673 577 576
v -1.7341 6.4359 0.0500
f 577 578 3674
f 3674 578 577
v -1.3469 5.9915 0.0500
f 575 579 3675
f 3675 579 575
v -1.6378 5.9181 0.0500
f 579 580 3676
f 3676 580 579
v -1.9353 5.9569 0.0500
f 580 581 3677
f 3677 581 580
v -1.3469 5.9915 0.0500
f 575 582 3678
f 3678 582 575
v -1.6003 6.1522 0.0500
f 582 583 3679
f 3679 583 582
v -1.8536 6.3128 0.0500
f 583 584 3680
f 3680 584 583
v -1.9250 6.6042 0.0500
f 584 585 3681
f 3681 585 584
v -2.1154 6.8361 0.0500
f 585 586 3682
f 3682 586 585
v -1.8536 6.3128 0.0500
f 583 587 3683
f 3683 587 583
v -2.1417 6.3967 0.0500
f 587 588 3684
f 3684 588 587
v -2.3826 6.5755 0.0500
f 588 589 3685
f 3685 589 588
v -0.7718 5.8205 0.0500
f 569 590 3686
f 3686 590 569
v -0.7920 6.1198 0.0500
f 590 591 3687
f 3687 591 590
v -0.8122 6.4191 0.0500
f 591 592 3688
f 3688 592 591
v -0.6492 6.6710 0.0500
f 592 593 3689
f 3689 593 592
v -0.5940 6.9658 0.0500
f 593 594 3690
f 3690 594 593
v -0.8122 6.4191 0.0500
f 591 595 3691
f 3691 595 591
v -0.9821 6.6664 0.0500
f 595 596 3692
f 3692 596 595
v -1.0681 6.9538 0.0500
f 596 597 3693
f 3693 597 596
v -0.8122 6.4191 0.0500
f 591 598 3694
f 3694 598 591
v -0.9972 6.6553 0.0500
f 598 599 3695
f 3695 599 598
v -1.1823 6.8914 0.0500
f 599 600 3696
f 3696 600 599
v -1.1448 7.1890 0.0500
f 600 601 3697
f 3697 601 600
v -1.2130 7.4812 0.0500
f 601 602 3698
f 3698 602 601
v -1.1823 6.8914 0.0500
f 599 603 3699
f 3699 603 599
v -1.4331 7.0559 0.0500
f 603 604 3700
f 3700 604 603
v -1.5846 7.3149 0.0500
f 604 605 3701
f 3701 605 604
v -0.7718 5.8205 0.0500
f 569 606 3702
f 3702 606 569
v -0.7635 6.1204 0.0500
f 606 607 3703
f 3703 607 606
v -0.7552 6.4203 0.0500
f 607 608 3704
f 3704 608 607
v -0.9527 6.6461 0.0500
f 608 609 3705
f 3705 609 608
v -1.0724 6.9211 0.0500
f 609 610 3706
f 3706 610 609
v -0.7552 6.4203 0.0500
f 607 611 3707
f 3707 611 607
v -0.6631 6.7058 0.0500
f 611 612 3708
f 3708 612 611
v -0.6947 7.0041 0.0500
f 612 613 3709
f 3709 613 612
v -0.7552 6.4203 0.0500
f 607 614 3710
f 3710 614 607
v -0.7758 6.7195 0.0500
f 614 615 3711
f 3711 615 614
v -0.7964 7.0188 0.0500
f 615 616 3712
f 3712 616 615
v -0.9965 7.2423 0.0500
f 616 617 3713
f 3713 617 616
v -1.1056 7.5218 0.0500
f 617 618 3714
f 3714 618 617
v -0.7964 7.0188 0.0500
f 615 619 3715
f 3715 619 615
v -0.6972 7.3020 0.0500
f 619 620 3716
f 3716 620 619
v -0.6889 7.6019 0.0500
f 620 621 3717
f 3717 621 620
v -0.7964 7.0188 0.0500
f 615 622 3718
f 3718 622 615
v -0.6184 7.2604 0.0500
f 622 623 3719
f 3719 623 622
v -0.4404 7.5019 0.0500
f 623 624 3720
f 3720 624 623
v -0.1416 7.5287 0.0500
f 624 625 3721
f 3721 625 624
v 0.1286 7.6589 0.0500
f 625 626 3722
f 3722 626 625
v -0.4404 7.5019 0.0500
f 623 627 3723
f 3723 627 623
v -0.3799 7.7957 0.0500
f 627 628 3724
f 3724 628 627
v -0.2289 8.0549 0.0500
f 628 629 3725
f 3725 629 628
v -0.4404 7.5019 0.0500
f 623 630 3726
f 3726 630 623
v -0.3759 7.7949 0.0500
f 630 631 3727
f 3727 631 630
v -0.3114 8.0878 0.0500
f 631 632 3728
f 3728 632 631
v -0.4695 8.3428 0.0500
f 632 633 3729
f 3729 633 632
v -0.5400 8.6344 0.0500
f 633 634 3730
f 3730 634 633
v -0.3114 8.0878 0.0500
f 631 635 3731
f 3731 635 631
v -0.1724 8.3537 0.0500
f 635 636 3732
f 3732 636 635
v -0.1569 8.6533 0.0500
f 636 637 3733
f 3733 637 636
v -0.3114 8.0878 0.0500
f 631 638 3734
f 3734 638 631
v -0.3647 8.3831 0.0500
f 638 639 3735
f 3735 639 638
v -0.4179 8.6783 0.0500
f 639 640 3736
f 3736 640 639
v -0.2645 8.9361 0.0500
f 640 641 3737
f 3737 641 640
v -0.2009 9.2293 0.0500
f 641 642 3738
f 3738 642 641
v -0.4179 8.6783 0.0500
f 639 643 3739
f 3739 643 639
v -0.5746 8.9341 0.0500
f 643 644 3740
f 3740 644 643
v -0.6262 9.2296 0.0500
f 644 645 3741
f 3741 645 644
v -0.7964 7.0188 0.0500
f 615 646 3742
f 3742 646 615
v -0.9547 7.2736 0.0500
f 646 647 3743
f 3743 647 646
v -1.1131 7.5284 0.0500
f 647 648 3744
f 3744 648 647
v -1.3964 7.6271 0.0500
f 648 649 3745
f 3745 649 648
v -1.1131 7.5284 0.0500
f 647 650 3746
f 3746 650 647
v -1.1563 7.8253 0.0500
f 650 651 3747
f 3747 651 650
v -1.1131 7.5284 0.0500
f 647 652 3748
f 3748 652 647
v -1.1736 7.8223 0.0500
f 652 653 3749
f 3749 653 652
v -1.2340 8.1161 0.0500
f 653 654 3750
f 3750 654 653
v -1.0551 8.3569 0.0500
f 654 655 3751
f 3751 655 654
v -0.9661 8.6434 0.0500
f 655 656 3752
f 3752 656 655
v -1.2340 8.1161 0.0500
f 653 657 3753
f 3753 657 653
v -1.3865 8.3745 0.0500
f 657 658 3754
f 3754 658 657
v -1.4230 8.6723 0.0500
f 658 659 3755
f 3755 659 658
v -1.2340 8.1161 0.0500
f 653 660 3756
f 3756 660 653
v -1.1786 8.4109 0.0500
f 660 661 3757
f 3757 661 660
v -1.1231 8.7058 0.0500
f 661 662 3758
f 3758 662 661
v -0.8889 8.8932 0.0500
f 662 663 3759
f 3759 663 662
v -0.7302 9.1478 0.0500
f 663 664 3760
f 3760 664 663
v -1.1231 8.7058 0.0500
f 661 665 3761
f 3761 665 661
v -1.1883 8.9986 0.0500
f 665 666 3762
f 3762 666 665
v -1.1221 9.2912 0.0500
f 666 667 3763
f 3763 667 666
v -0.7964 7.0188 0.0500
f 615 668 3764
f 3764 668 615
v -0.7501 7.3152 0.0500
f 668 669 3765
f 3765 669 668
v -0.7038 7.6117 0.0500
f 669 670 3766
f 3766 670 669
v -0.8983 7.8401 0.0500
f 670 671 3767
f 3767 671 670
v -0.7038 7.6117 0.0500
f 669 672 3768
f 3768 672 669
v -0.5213 7.8498 0.0500
f 672 673 3769
f 3769 673 672
v -0.7038 7.6117 0.0500
f 669 674 3770
f 3770 674 669
v -0.6434 7.9055 0.0500
f 674 675 3771
f 3771 675 674
v -0.5831 8.1994 0.0500
f 675 676 3772
f 3772 676 675
v -0.3419 8.3778 0.0500
f 676 677 3773
f 3773 677 676
v -0.2064 8.6455 0.0500
f 677 678 3774
f 3774 678 677
v -0.5831 8.1994 0.0500
f 675 679 3775
f 3775 679 675
v -0.6023 8.4988 0.0500
f 679 680 3776
f 3776 680 679
v -0.5010 8.7811 0.0500
f 680 681 3777
f 3777 681 680
v -0.5831 8.1994 0.0500
f 675 682 3778
f 3778 682 675
v -0.7430 8.4532 0.0500
f 682 683 3779
f 3779 683 682
v -0.9028 8.7071 0.0500
f 683 684 3780
f 3780 684 683
v -0.8410 9.0006 0.0500
f 684 685 3781
f 3781 685 684
v -0.8916 9.2963 0.0500
f 685 686 3782
f 3782 686 685
v -0.9028 8.7071 0.0500
f 683 687 3783
f 3783 687 683
v -1.1448 8.8844 0.0500
f 687 688 3784
f 3784 688 687
v -1.2829 9.1507 0.0500
f 688 689 3785
f 3785 689 688
v -0.9028 8.7071 0.0500
f 683 690 3786
f 3786 690 683
v -0.9454 9.0040 0.0500
f 690 691 3787
f 3787 691 690
v -0.9879 9.3010 0.0500
f 691 692 3788
f 3788 692 691
v -1.2482 9.4502 0.0500
f 692 693 3789
f 3789 693 692
v -0.9879 9.3010 0.0500
f 691 694 3790
f 3790 694 691
v -0.9436 9.5977 0.0500
f 694 695 3791
f 3791 695 694
v -0.9879 9.3010 0.0500
f 691 696 3792
f 3792 696 691
v -0.9595 9.5996 0.0500
f 696 697 3793
f 3793 697 696
v -0.9310 9.8983 0.0500
f 697 698 3794
f 3794 698 697
v -1.1423 10.1113 0.0500
f 698 699 3795
f 3795 699 698
v -1.2438 10.3936 0.0500
f 699 700 3796
f 3796 700 699
v -0.9310 9.8983 0.0500
f 697 701 3797
f 3797 701 697
v -0.8209 10.1773 0.0500
f 701 702 3798
f 3798 702 701
v -0.8125 10.4772 0.0500
f 702 703 3799
f 3799 703 702
v -0.5831 8.1994 0.0500
f 675 704 3800
f 3800 704 675
v -0.4433 8.4648 0.0500
f 704 705 3801
f 3801 705 704
v -0.3035 8.7303 0.0500
f 705 706 3802
f 3802 706 705
v -0.0184 8.8237 0.0500
f 706 707 3803
f 3803 707 706
v 0.1973 9.0322 0.0500
f 707 708 3804
f 3804 708 707
v -0.3035 8.7303 0.0500
f 705 709 3805
f 3805 709 705
v -0.3214 9.0297 0.0500
f 709 710 3806
f 3806 710 709
v -0.1998 9.3039 0.0500
f 710 711 3807
f 3807 711 710
v -0.3035 8.7303 0.0500
f 705 712 3808
f 3808 712 705
v -0.2754 9.0290 0.0500
f 712 713 3809
f 3809 713 712
v -0.2473 9.3276 0.0500
f 713 714 3810
f 3810 714 713
v -0.0138 9.5161 0.0500
f 714 715 3811
f 3811 715 714
v 0.1485 9.7683 0.0500
f 715 716 3812
f 3812 716 715
v -0.2473 9.3276 0.0500
f 713 717 3813
f 3813 717 713
v -0.2934 9.6241 0.0500
f 717 718 3814
f 3814 718 717
v -0.2233 9.9158 0.0500
f 718 719 3815
f 3815 719 718
v -0.2473 9.3276 0.0500
f 713 720 3816
f 3816 720 713
v -0.3223 9.6181 0.0500
f 720 721 3817
f 3817 721 720
v -0.3974 9.9086 0.0500
f 721 722 3818
f 3818 722 721
v -0.6696 10.0347 0.0500
f 722 723 3819
f 3819 723 722
v -0.8552 10.2703 0.0500
f 723 724 3820
f 3820 724 723
v -0.3974 9.9086 0.0500
f 721 725 3821
f 3821 725 721
v -0.3478 10.2044 0.0500
f 725 726 3822
f 3822 726 725
v -0.4219 10.4952 0.0500
f 726 727 3823
f 3823 727 726
v -0.1926 4.7704 0.0500
f 349 728 3824
f 3824 728 349
v -0.0580 5.0386 0.0500
f 728 729 3825
f 3825 729 728
v 0.0765 5.3067 0.0500
f 729 730 3826
f 3826 730 729
v -0.0084 5.5944 0.0500
f 730 731 3827
f 3827 731 730
v 0.0164 5.8934 0.0500
f 731 732 3828
f 3828 732 731
v 0.0765 5.3067 0.0500
f 729 733 3829
f 3829 733 729
v 0.3183 5.4843 0.0500
f 733 734 3830
f 3830 734 733
v 0.4595 5.7490 0.0500
f 734 735 3831
f 3831 735 734
v 0.0765 5.3067 0.0500
f 729 736 3832
f 3832 736 729
v 0.2444 5.5553 0.0500
f 736 737 3833
f 3833 737 736
v 0.4123 5.8040 0.0500
f 737 738 3834
f 3834 738 737
v 0.7084 5.8523 0.0500
f 738 739 3835
f 3835 739 738
v 0.9605 6.0148 0.0500
f 739 740 3836
f 3836 740 739
v 0.4123 5.8040 0.0500
f 737 741 3837
f 3837 741 737
v 0.4933 6.0928 0.0500
f 741 742 3838
f 3838 742 741
v 0.6735 6.3327 0.0500
f 742 743 3839
f 3839 743 742
v 0.4123 5.8040 0.0500
f 737 744 3840
f 3840 744 737
v 0.3630 6.0999 0.0500
f 744 745 3841
f 3841 745 744
v 0.3138 6.3959 0.0500
f 745 746 3842
f 3842 746 745
v 0.0614 6.5580 0.0500
f 746 747 3843
f 3843 747 746
v -0.1069 6.8064 0.0500
f 747 748 3844
f 3844 748 747
v 0.3138 6.3959 0.0500
f 745 749 3845
f 3845 749 745
v 0.3235 6.6957 0.0500
f 749 750 3846
f 3846 750 749
v 0.2247 6.9790 0.0500
f 750 751 3847
f 3847 751 750
v 0.3138 6.3959 0.0500
f 745 752 3848
f 3848 752 745
v 0.3323 6.6953 0.0500
f 752 753 3849
f 3849 753 752
v 0.3508 6.9947 0.0500
f 753 754 3850
f 3850 754 753
v 0.1466 7.2144 0.0500
f 754 755 3851
f 3851 755 754
v 0.3508 6.9947 0.0500
f 753 756 3852
f 3852 756 753
v 0.4885 7.2613 0.0500
f 756 757 3853
f 3853 757 756
v 0.4123 5.8040 0.0500
f 737 758 3854
f 3854 758 737
v 0.6715 5.9550 0.0500
f 758 759 3855
f 3855 759 758
v 0.9307 6.1059 0.0500
f 759 760 3856
f 3856 760 759
v 1.2286 6.0705 0.0500
f 760 761 3857
f 3857 761 760
v 1.5213 6.1363 0.0500
f 761 762 3858
f 3858 762 761
v 0.9307 6.1059 0.0500
f 759 763 3859
f 3859 763 759
v 1.0957 6.3565 0.0500
f 763 764 3860
f 3860 764 763
v 1.3523 6.5120 0.0500
f 764 765 3861
f 3861 765 764
v 0.9307 6.1059 0.0500
f 759 766 3862
f 3862 766 759
v 1.0703 6.3715 0.0500
f 766 767 3863
f 3863 767 766
v 1.2098 6.6371 0.0500
f 767 768 3864
f 3864 768 767
v 1.1299 6.9263 0.0500
f 768 769 3865
f 3865 769 768
v 1.1449 7.2259 0.0500
f 769 770 3866
f 3866 770 769
v 1.2098 6.6371 0.0500
f 767 771 3867
f 3867 771 767
v 1.4356 6.8347 0.0500
f 771 772 3868
f 3868 772 771
v 1.5848 7.0949 0.0500
f 772 773 3869
f 3869 773 772
v 0.4123 5.8040 0.0500
f 737 774 3870
f 3870 774 737
v 0.5945 6.0423 0.0500
f 774 775 3871
f 3871 775 774
v 0.7768 6.2806 0.0500
f 775 776 3872
f 3872 776 775
v 0.7039 6.5716 0.0500
f 776 777 3873
f 3873 777 776
v 0.7564 6.8669 0.0500
f 777 778 3874
f 3874 778 777
v 0.7768 6.2806 0.0500
f 775 779 3875
f 3875 779 775
v 1.0318 6.4386 0.0500
f 779 780 3876
f 3876 780 779
v 1.1863 6.6957 0.0500
f 780 781 3877
f 3877 781 780
v 0.7768 6.2806 0.0500
f 775 782 3878
f 3878 782 775
v 0.9403 6.5321 0.0500
f 782 783 3879
f 3879 783 782
v 1.1038 6.7836 0.0500
f 783 784 3880
f 3880 784 783
v 1.0870 7.0831 0.0500
f 784 785 3881
f 3881 785 784
v 1.1728 7.3706 0.0500
f 785 786 3882
f 3882 786 785
v 1.1038 6.7836 0.0500
f 783 787 3883
f 3883 787 783
v 1.3724 6.9172 0.0500
f 787 788 3884
f 3884 788 787
v 1.5643 7.1479 0.0500
f 788 789 3885
f 3885 789 788
v 1.1038 6.7836 0.0500
f 783 790 3886
f 3886 790 783
v 1.1030 7.0836 0.0500
f 790 791 3887
f 3887 791 790
v 1.1022 7.3836 0.0500
f 791 792 3888
f 3888 792 791
v 0.8957 7.6012 0.0500
f 792 793 3889
f 3889 793 792
v 0.7686 7.8729 0.0500
f 793 794 3890
f 3890 794 793
v 1.1022 7.3836 0.0500
f 791 795 3891
f 3891 795 791
v 1.2083 7.6642 0.0500
f 795 796 3892
f 3892 796 795
v 1.2178 7.9641 0.0500
f 796 797 3893
f 3893 797 796
v 1.1022 7.3836 0.0500
f 791 798 3894
f 3894 798 791
v 1.2439 7.6480 0.0500
f 798 799 3895
f 3895 799 798
v 1.3856 7.9125 0.0500
f 799 800 3896
f 3896 800 799
v 1.3186 8.2049 0.0500
f 800 801 3897
f 3897 801 800
v 1.3849 8.4975 0.0500
f 801 802 3898
f 3898 802 801
v 1.3856 7.9125 0.0500
f 799 803 3899
f 3899 803 799
v 1.6418 8.0685 0.0500
f 803 804 3900
f 3900 804 803
v 1.8175 8.3117 0.0500
f 804 805 3901
f 3901 805 804
v 1.1038 6.7836 0.0500
f 783 806 3902
f 3902 806 783
v 1.3814 6.8975 0.0500
f 806 807 3903
f 3903 807 806
v 1.6589 7.0113 0.0500
f 807 808 3904
f 3904 808 807
v 1.9370 6.8987 0.0500
f 808 809 3905
f 3905 809 808
v 2.2368 6.8868 0.0500
f 809 810 3906
f 3906 810 809
v 1.6589 7.0113 0.0500
f 807 811 3907
f 3907 811 807
v 1.9027 7.1862 0.0500
f 811 812 3908
f 3908 812 811
v 2.1996 7.2295 0.0500
f 812 813 3909
f 3909 813 812
v 1.6589 7.0113 0.0500
f 807 814 3910
f 3910 814 807
v 1.9044 7.1839 0.0500
f 814 815 3911
f 3911 815 814
v 2.1498 7.3564 0.0500
f 815 816 3912
f 3912 816 815
v 2.4492 7.3383 0.0500
f 816 817 3913
f 3913 817 816
v 2.7396 7.4136 0.0500
f 817 818 3914
f 3914 818 817
v 2.1498 7.3564 0.0500
f 815 819 3915
f 3915 819 815
v 2.2652 7.6333 0.0500
f 819 820 3916
f 3916 820 819
v 2.4850 7.8375 0.0500
f 820 821 3917
f 3917 821 820
v 1.1038 6.7836 0.0500
f 783 822 3918
f 3918 822 783
v 1.4037 6.7922 0.0500
f 822 823 3919
f 3919 823 822
v 1.7036 6.8007 0.0500
f 823 824 3920
f 3920 824 823
v 1.9168 7.0118 0.0500
f 824 825 3921
f 3921 825 824
v 1.7036 6.8007 0.0500
f 823 826 3922
f 3922 826 823
v 1.9763 6.6758 0.0500
f 826 827 3923
f 3923 827 826
v 1.7036 6.8007 0.0500
f 823 828 3924
f 3924 828 823
v 2.0035 6.8092 0.0500
f 828 829 3925
f 3925 829 828
v 2.3034 6.8177 0.0500
f 829 830 3926
f 3926 830 829
v 2.5367 7.0063 0.0500
f 830 831 3927
f 3927 831 830
v 2.8291 7.0733 0.0500
f 831 832 3928
f 3928 832 831
v 2.3034 6.8177 0.0500
f 829 833 3929
f 3929 833 829
v 2.5729 6.6860 0.0500
f 833 834 3930
f 3930 834 833
v 2.8729 6.6870 0.0500
f 834 835 3931
f 3931 835 834
v 2.3034 6.8177 0.0500
f 829 836 3932
f 3932 836 829
v 2.5267 7.0180 0.0500
f 836 837 3933
f 3933 837 836
v 2.7501 7.2183 0.0500
f 837 838 3934
f 3934 838 837
v 3.0492 7.1949 0.0500
f 838 839 3935
f 3935 839 838
v 3.3334 7.2908 0.0500
f 839 840 3936
f 3936 840 839
v 2.7501 7.2183 0.0500
f 837 841 3937
f 3937 841 837
v 2.8783 7.4895 0.0500
f 841 842 3938
f 3938 842 841
v 3.0932 7.6987 0.0500
f 842 843 3939
f 3939 843 842
v 2.7501 7.2183 0.0500
f 837 844 3940
f 3940 844 837
v 3.0401 7.2952 0.0500
f 844 845 3941
f 3941 845 844
v 3.3300 7.3721 0.0500
f 845 846 3942
f 3942 846 845
v 3.5877 7.2184 0.0500
f 846 847 3943
f 3943 847 846
v 3.8830 7.1655 0.0500
f 847 848 3944
f 3944 848 847
v 3.3300 7.3721 0.0500
f 845 849 3945
f 3945 849 845
v 3.5588 7.5662 0.0500
f 849 850 3946
f 3946 850 849
v 3.8489 7.6424 0.0500
f 850 851 3947
f 3947 851 850
v 2.3034 6.8177 0.0500
f 829 852 3948
f 3948 852 829
v 2.5674 6.6753 0.0500
f 852 853 3949
f 3949 853 852
v 2.8314 6.5329 0.0500
f 853 854 3950
f 3950 854 853
v 3.1226 6.6050 0.0500
f 854 855 3951
f 3951 855 854
v 2.8314 6.5329 0.0500
f 853 856 3952
f 3952 856 853
v 2.9873 6.2765 0.0500
f 856 857 3953
f 3953 857 856
v 2.8314 6.5329 0.0500
f 853 858 3954
f 3954 858 853
v 3.1273 6.4832 0.0500
f 858 859 3955
f 3955 859 858
v 3.4231 6.4335 0.0500
f 859 860 3956
f 3956 860 859
v 3.6222 6.2090 0.0500
f 860 861 3957
f 3957 861 860
v 3.8825 6.0599 0.0500
f 861 862 3958
f 3958 862 861
v 3.4231 6.4335 0.0500
f 859 863 3959
f 3959 863 859
v 3.7094 6.5232 0.0500
f 863 864 3960
f 3960 864 863
v 4.0089 6.5055 0.0500
f 864 865 3961
f 3961 865 864
v 2.3034 6.8177 0.0500
f 829 866 3962
f 3962 866 829
v 2.5930 6.8957 0.0500
f 866 867 3963
f 3963 867 866
v 2.8827 6.9737 0.0500
f 867 868 3964
f 3964 868 867
v 3.0075 7.2466 0.0500
f 868 869 3965
f 3965 869 868
v 2.8827 6.9737 0.0500
f 867 870 3966
f 3966 870 867
v 3.1753 6.9074 0.0500
f 870 871 3967
f 3967 871 870
v 2.8827 6.9737 0.0500
f 867 872 3968
f 3968 872 867
v 3.1733 7.0483 0.0500
f 872 873 3969
f 3969 873 872
v 3.4639 7.1228 0.0500
f 873 874 3970
f 3970 874 873
v 3.7193 6.9653 0.0500
f 874 875 3971
f 3971 875 874
v 4.0151 6.9158 0.0500
f 875 876 3972
f 3972 876 875
v 3.4639 7.1228 0.0500
f 873 877 3973
f 3973 877 873
v 3.6877 7.3226 0.0500
f 877 878 3974
f 3974 878 877
v 3.9667 7.4329 0.0500
f 878 879 3975
f 3975 879 878
v 3.4639 7.1228 0.0500
f 873 880 3976
f 3976 880 873
v 3.5859 7.3969 0.0500
f 880 881 3977
f 3977 881 880
v 3.7078 7.6710 0.0500
f 881 882 3978
f 3978 882 881
v 3.9872 7.7803 0.0500
f 882 883 3979
f 3979 883 882
v 4.1937 7.9979 0.0500
f 883 884 3980
f 3980 884 883
v 3.7078 7.6710 0.0500
f 881 885 3981
f 3981 885 881
v 3.7214 7.9706 0.0500
f 885 886 3982
f 3982 886 885
v 3.8679 8.2324 0.0500
f 886 887 3983
f 3983 887 886
v 3.7078 7.6710 0.0500
f 881 888 3984
f 3984 888 881
v 3.9329 7.8692 0.0500
f 888 889 3985
f 3985 889 888
v 4.1581 8.0675 0.0500
f 889 890 3986
f 3986 890 889
v 4.1659 8.3674 0.0500
f 890 891 3987
f 3987 891 890
v 4.2835 8.6434 0.0500
f 891 892 3988
f 3988 892 891
v 4.1581 8.0675 0.0500
f 889 893 3989
f 3989 893 889
v 4.4330 8.1876 0.0500
f 893 894 3990
f 3990 894 893
v 4.6343 8.4100 0.0500
f 894 895 3991
f 3991 895 894
v 4.1581 8.0675 0.0500
f 889 896 3992
f 3992 896 889
v 4.4327 8.1882 0.0500
f 896 897 3993
f 3993 897 896
v 4.7073 8.3090 0.0500
f 897 898 3994
f 3994 898 897
v 4.9910 8.2114 0.0500
f 898 899 3995
f 3995 899 898
v 5.2910 8.2045 0.0500
f 899 900 3996
f 3996 900 899
v 4.7073 8.3090 0.0500
f 897 901 3997
f 3997 901 897
v 4.9145 8.5259 0.0500
f 901 902 3998
f 3998 902 901
v 5.1795 8.6666 0.0500
f 902 903 3999
f 3999 903 902
v 3.4639 7.1228 0.0500
f 873 904 4000
f 4000 904 873
v 3.7636 7.1099 0.0500
f 904 905 4001
f 4001 905 904
v 4.0634 7.0970 0.0500
f 905 906 4002
f 4002 906 905
v 4.2711 7.3135 0.0500
f 906 907 4003
f 4003 907 906
v 4.0634 7.0970 0.0500
f 905 908 4004
f 4004 908 905
v 4.3450 6.9936 0.0500
f 908 909 4005
f 4005 909 908
v 4.0634 7.0970 0.0500
f 905 910 4006
f 4006 910 905
v 4.3408 7.2112 0.0500
f 910 911 4007
f 4007 911 910
v 4.6182 7.3255 0.0500
f 911 912 4008
f 4008 912 911
v 4.7217 7.6070 0.0500
f 912 913 4009
f 4009 913 912
v 4.6182 7.3255 0.0500
f 911 914 4010
f 4010 914 911
v 4.9181 7.3311 0.0500
f 914 915 4011
f 4011 915 914
v 4.6182 7.3255 0.0500
f 911 916 4012
f 4012 916 911
v 4.8230 7.5447 0.0500
f 916 917 4013
f 4013 917 916
v 5.0278 7.7639 0.0500
f 917 918 4014
f 4014 918 917
v 5.0244 8.0638 0.0500
f 918 919 4015
f 4015 919 918
v 5.0278 7.7639 0.0500
f 917 920 4016
f 4016 920 917
v 5.3131 7.8565 0.0500
f 920 921 4017
f 4017 921 920
v 3.4639 7.1228 0.0500
f 873 922 4018
f 4018 922 873
v 3.6844 7.3262 0.0500
f 922 923 4019
f 4019 923 922
v 3.9049 7.5297 0.0500
f 923 924 4020
f 4020 924 923
v 3.8988 7.8296 0.0500
f 924 925 4021
f 4021 925 924
v 3.9049 7.5297 0.0500
f 923 926 4022
f 4022 926 923
v 4.1882 7.6282 0.0500
f 926 927 4023
f 4023 927 926
v 3.9049 7.5297 0.0500
f 923 928 4024
f 4024 928 923
v 4.1311 7.7266 0.0500
f 928 929 4025
f 4025 929 928
v 4.3574 7.9236 0.0500
f 929 930 4026
f 4026 930 929
v 4.4094 8.2191 0.0500
f 930 931 4027
f 4027 931 930
v 4.5695 8.4728 0.0500
f 931 932 4028
f 4028 932 931
v 4.3574 7.9236 0.0500
f 929 933 4029
f 4029 933 929
v 4.6516 7.9826 0.0500
f 933 934 4030
f 4030 934 933
v 4.8968 8.1554 0.0500
f 934 935 4031
f 4031 935 934
v 4.3574 7.9236 0.0500
f 929 936 4032
f 4032 936 929
v 4.4222 8.2165 0.0500
f 936 937 4033
f 4033 937 936
v 4.4869 8.5094 0.0500
f 937 938 4034
f 4034 938 937
v 4.7389 8.6722 0.0500
f 938 939 4035
f 4035 939 938
v 4.9001 8.9252 0.0500
f 939 940 4036
f 4036 940 939
v 4.4869 8.5094 0.0500
f 937 941 4037
f 4037 941 937
v 4.4291 8.8038 0.0500
f 941 942 4038
f 4038 942 941
v 4.4821 9.0991 0.0500
f 942 943 4039
f 4039 943 942
v 4.4869 8.5094 0.0500
f 937 944 4040
f 4040 944 937
v 4.6825 8.7369 0.0500
f 944 945 4041
f 4041 945 944
v 4.8781 8.9644 0.0500
f 945 946 4042
f 4042 946 945
v 5.1772 8.9880 0.0500
f 946 947 4043
f 4043 947 946
v 5.4469 9.1193 0.0500
f 947 948 4044
f 4044 948 947
v 4.8781 8.9644 0.0500
f 945 949 4045
f 4045 949 945
v 4.9991 9.2389 0.0500
f 949 950 4046
f 4046 950 949
v 5.2112 9.4511 0.0500
f 950 951 4047
f 4047 951 950
v 4.8781 8.9644 0.0500
f 945 952 4048
f 4048 952 945
v 5.1527 9.0852 0.0500
f 952 953 4049
f 4049 953 952
v 5.4273 9.2059 0.0500
f 953 954 4050
f 4050 954 953
v 5.7082 9.1005 0.0500
f 954 955 4051
f 4051 955 954
v 6.0067 9.1302 0.0500
f 955 956 4052
f 4052 956 955
v 5.4273 9.2059 0.0500
f 953 957 4053
f 4053 957 953
v 5.6370 9.4205 0.0500
f 957 958 4054
f 4054 958 957
v 5.9095 9.5461 0.0500
f 958 959 4055
f 4055 959 958
v 4.3574 7.9236 0.0500
f 929 960 4056
f 4056 960 929
v 4.6574 7.9226 0.0500
f 960 961 4057
f 4057 961 960
v 4.9574 7.9215 0.0500
f 961 962 4058
f 4058 962 961
v 5.1770 8.1259 0.0500
f 962 963 4059
f 4059 963 962
v 5.4582 8.2305 0.0500
f 963 964 4060
f 4060 964 963
v 4.9574 7.9215 0.0500
f 961 965 4061
f 4061 965 961
v 5.2200 7.7764 0.0500
f 965 966 4062
f 4062 966 965
v 5.5194 7.7575 0.0500
f 966 967 4063
f 4063 967 966
v 4.9574 7.9215 0.0500
f 961 968 4064
f 4064 968 961
v 5.2347 8.0361 0.0500
f 968 969 4065
f 4065 969 968
v 5.5120 8.1506 0.0500
f 969 970 4066
f 4066 970 969
v 5.5958 8.4386 0.0500
f 970 971 4067
f 4067 971 970
v 5.5120 8.1506 0.0500
f 969 972 4068
f 4068 972 969
v 5.8096 8.1884 0.0500
f 972 973 4069
f 4069 973 972
v 5.5120 8.1506 0.0500
f 969 974 4070
f 4070 974 969
v 5.6900 8.3920 0.0500
f 974 975 4071
f 4071 975 974
v 5.8681 8.6335 0.0500
f 975 976 4072
f 4072 976 975
v 6.1646 8.6787 0.0500
f 976 977 4073
f 4073 977 976
v 6.4210 8.8345 0.0500
f 977 978 4074
f 4074 978 977
v 5.8681 8.6335 0.0500
f 975 979 4075
f 4075 979 975
v 5.9469 8.9229 0.0500
f 979 980 4076
f 4076 980 979
v 6.1158 9.1709 0.0500
f 980 981 4077
f 4077 981 980
v 1.1038 6.7836 0.0500
f 783 982 4078
f 4078 982 783
v 1.2202 7.0601 0.0500
f 982 983 4079
f 4079 983 982
v 1.3365 7.3366 0.0500
f 983 984 4080
f 4080 984 983
v 1.1841 7.5950 0.0500
f 984 985 4081
f 4081 985 984
v 1.3365 7.3366 0.0500
f 983 986 4082
f 4082 986 983
v 1.5138 7.5787 0.0500
f 986 987 4083
f 4083 987 986
v 1.3365 7.3366 0.0500
f 983 988 4084
f 4084 988 983
v 1.4294 7.6219 0.0500
f 988 989 4085
f 4085 989 988
v 1.5223 7.9072 0.0500
f 989 990 4086
f 4086 990 989
v 1.4093 8.1851 0.0500
f 990 991 4087
f 4087 991 990
v 1.5223 7.9072 0.0500
f 989 992 4088
f 4088 992 989
v 1.7273 8.1262 0.0500
f 992 993 4089
f 4089 993 992
v 1.5223 7.9072 0.0500
f 989 994 4090
f 4090 994 989
v 1.3634 8.1617 0.0500
f 994 995 4091
f 4091 995 994
v 1.2046 8.4161 0.0500
f 995 996 4092
f 4092 996 995
v 0.9187 8.5073 0.0500
f 996 997 4093
f 4093 997 996
v 1.2046 8.4161 0.0500
f 995 998 4094
f 4094 998 995
v 1.1890 8.7157 0.0500
f 998 999 4095
f 4095 999 998
v 1.2046 8.4161 0.0500
f 995 1000 4096
f 4096 1000 995
v 1.1921 8.7159 0.0500
f 1000 1001 4097
f 4097 1001 1000
v 1.1796 9.0156 0.0500
f 1001 1002 4098
f 4098 1002 1001
v 0.9560 9.2156 0.0500
f 1002 1003 4099
f 4099 1003 1002
v 1.1796 9.0156 0.0500
f 1001 1004 4100
f 4100 1004 1001
v 1.2576 9.3053 0.0500
f 1004 1005 4101
f 4101 1005 1004
v 1.1796 9.0156 0.0500
f 1001 1006 4102
f 4102 1006 1001
v 1.2825 9.2974 0.0500
f 1006 1007 4103
f 4103 1007 1006
v 1.3854 9.5792 0.0500
f 1007 1008 4104
f 4104 1008 1007
v 1.6408 9.7365 0.0500
f 1008 1009 4105
f 4105 1009 1008
v 1.8163 9.9799 0.0500
f 1009 1010 4106
f 4106 1010 1009
v 1.3854 9.5792 0.0500
f 1007 1011 4107
f 4107 1011 1007
v 1.3381 9.8755 0.0500
f 1011 1012 4108
f 4108 1012 1011
v 1.4095 10.1669 0.0500
f 1012 1013 4109
f 4109 1013 1012
v 1.5223 7.9072 0.0500
f 989 1014 4110
f 4110 1014 989
v 1.7399 8.1136 0.0500
f 1014 1015 4111
f 4111 1015 1014
v 1.9576 8.3201 0.0500
f 1015 1016 4112
f 4112 1016 1015
v 1.9606 8.6201 0.0500
f 1016 1017 4113
f 4113 1017 1016
v 1.9576 8.3201 0.0500
f 1015 1018 4114
f 4114 1018 1015
v 2.2341 8.4364 0.0500
f 1018 1019 4115
f 4115 1019 1018
v 1.9576 8.3201 0.0500
f 1015 1020 4116
f 4116 1020 1015
v 2.0645 8.6004 0.0500
f 1020 1021 4117
f 4117 1021 1020
v 2.1714 8.8807 0.0500
f 1021 1022 4118
f 4118 1022 1021
v 2.4456 9.0025 0.0500
f 1022 1023 4119
f 4119 1023 1022
v 2.6638 9.2083 0.0500
f 1023 1024 4120
f 4120 1024 1023
v 2.1714 8.8807 0.0500
f 1021 1025 4121
f 4121 1025 1021
v 2.2010 9.1792 0.0500
f 1025 1026 4122
f 4122 1026 1025
v 2.3313 9.4495 0.0500
f 1026 1027 4123
f 4123 1027 1026
v 2.1714 8.8807 0.0500
f 1021 1028 4124
f 4124 1028 1021
v 2.1643 9.1806 0.0500
f 1028 1029 4125
f 4125 1029 1028
v 2.1572 9.4805 0.0500
f 1029 1030 4126
f 4126 1030 1029
v 2.3834 9.6775 0.0500
f 1030 1031 4127
f 4127 1031 1030
v 2.4947 9.9561 0.0500
f 1031 1032 4128
f 4128 1032 1031
v 2.1572 9.4805 0.0500
f 1029 1033 4129
f 4129 1033 1029
v 2.0567 9.7632 0.0500
f 1033 1034 4130
f 4130 1034 1033
v 2.0847 10.0619 0.0500
f 1034 1035 4131
f 4131 1035 1034
v 1.5223 7.9072 0.0500
f 989 1036 4132
f 4132 1036 989
v 1.7387 8.1149 0.0500
f 1036 1037 4133
f 4133 1037 1036
v 1.9551 8.3227 0.0500
f 1037 1038 4134
f 4134 1038 1037
v 1.9879 8.6209 0.0500
f 1038 1039 4135
f 4135 1039 1038
v 1.9551 8.3227 0.0500
f 1037 1040 4136
f 4136 1040 1037
v 2.2278 8.4477 0.0500
f 1040 1041 4137
f 4137 1041 1040
v 1.9551 8.3227 0.0500
f 1037 1042 4138
f 4138 1042 1037
v 2.1772 8.5244 0.0500
f 1042 1043 4139
f 4139 1043 1042
v 2.3993 8.7261 0.0500
f 1043 1044 4140
f 4140 1044 1043
v 2.4109 9.0258 0.0500
f 1044 1045 4141
f 4141 1045 1044
v 2.5496 9.2919 0.0500
f 1045 1046 4142
f 4142 1046 1045
v 2.3993 8.7261 0.0500
f 1043 1047 4143
f 4143 1047 1043
v 2.6837 8.8215 0.0500
f 1047 1048 4144
f 4144 1048 1047
v 2.8930 9.0364 0.0500
f 1048 1049 4145
f 4145 1049 1048
v 2.3993 8.7261 0.0500
f 1043 1050 4146
f 4146 1050 1043
v 2.3931 9.0260 0.0500
f 1050 1051 4147
f 4147 1051 1050
v 2.3870 9.3259 0.0500
f 1051 1052 4148
f 4148 1052 1051
v 2.1650 9.5277 0.0500
f 1052 1053 4149
f 4149 1053 1052
v 2.3870 9.3259 0.0500
f 1051 1054 4150
f 4150 1054 1051
v 2.4772 9.6120 0.0500
f 1054 1055 4151
f 4151 1055 1054
v 2.3870 9.3259 0.0500
f 1051 1056 4152
f 4152 1056 1051
v 2.4664 9.6152 0.0500
f 1056 1057 4153
f 4153 1057 1056
v 2.5459 9.9045 0.0500
f 1057 1058 4154
f 4154 1058 1057
v 2.8056 10.0547 0.0500
f 1058 1059 4155
f 4155 1059 1058
v 2.9993 10.2838 0.0500
f 1059 1060 4156
f 4156 1060 1059
v 2.5459 9.9045 0.0500
f 1057 1061 4157
f 4157 1061 1057
v 2.5413 10.2045 0.0500
f 1061 1062 4158
f 4158 1062 1061
v 2.6728 10.4741 0.0500
f 1062 1063 4159
f 4159 1063 1062
v 2.3993 8.7261 0.0500
f 1043 1064 4160
f 4160 1064 1043
v 2.6682 8.8590 0.0500
f 1064 1065 4161
f 4161 1065 1064
v 2.9372 8.9919 0.0500
f 1065 1066 4162
f 4162 1066 1065
v 2.9940 9.2865 0.0500
f 1066 1067 4163
f 4163 1067 1066
v 2.9372 8.9919 0.0500
f 1065 1068 4164
f 4164 1068 1065
v 3.2328 9.0426 0.0500
f 1068 1069 4165
f 4165 1069 1068
v 2.9372 8.9919 0.0500
f 1065 1070 4166
f 4166 1070 1065
v 3.0912 9.2494 0.0500
f 1070 1071 4167
f 4167 1071 1070
v 3.2452 9.5068 0.0500
f 1071 1072 4168
f 4168 1072 1071
v 3.5380 9.5725 0.0500
f 1072 1073 4169
f 4169 1073 1072
v 3.7844 9.7436 0.0500
f 1073 1074 4170
f 4170 1074 1073
v 3.2452 9.5068 0.0500
f 1071 1075 4171
f 4171 1075 1071
v 3.2491 9.8068 0.0500
f 1075 1076 4172
f 4172 1076 1075
v 3.3434 10.0916 0.0500
f 1076 1077 4173
f 4173 1077 1076
v 2.3993 8.7261 0.0500
f 1043 1078 4174
f 4174 1078 1043
v 2.6823 8.8254 0.0500
f 1078 1079 4175
f 4175 1079 1078
v 2.9654 8.9248 0.0500
f 1079 1080 4176
f 4176 1080 1079
v 3.0836 9.2005 0.0500
f 1080 1081 4177
f 4177 1081 1080
v 2.9654 8.9248 0.0500
f 1079 1082 4178
f 4178 1082 1079
v 3.2646 8.9029 0.0500
f 1082 1083 4179
f 4179 1083 1082
v 2.9654 8.9248 0.0500
f 1079 1084 4180
f 4180 1084 1079
v 3.2502 9.0191 0.0500
f 1084 1085 4181
f 4181 1085 1084
v 3.5350 9.1135 0.0500
f 1085 1086 4182
f 4182 1086 1085
v 3.6983 9.3651 0.0500
f 1086 1087 4183
f 4183 1087 1086
v 3.9440 9.5373 0.0500
f 1087 1088 4184
f 4184 1088 1087
v 3.5350 9.1135 0.0500
f 1085 1089 4185
f 4185 1089 1085
v 3.8329 9.0782 0.0500
f 1089 1090 4186
f 4186 1090 1089
v 4.1199 9.1656 0.0500
f 1090 1091 4187
f 4187 1091 1090
v 3.5350 9.1135 0.0500
f 1085 1092 4188
f 4188 1092 1085
v 3.7911 8.9573 0.0500
f 1092 1093 4189
f 4189 1093 1092
v 4.0472 8.8010 0.0500
f 1093 1094 4190
f 4190 1094 1093
v 4.3302 8.9006 0.0500
f 1094 1095 4191
f 4191 1095 1094
v 4.0472 8.8010 0.0500
f 1093 1096 4192
f 4192 1096 1093
v 4.2288 8.5622 0.0500
f 1096 1097 4193
f 4193 1097 1096
v 4.0472 8.8010 0.0500
f 1093 1098 4194
f 4194 1098 1093
v 4.3464 8.7795 0.0500
f 1098 1099 4195
f 4195 1099 1098
v 4.6456 8.7581 0.0500
f 1099 1100 4196
f 4196 1100 1099
v 4.8476 8.9799 0.0500
f 1100 1101 4197
f 4197 1101 1100
v 5.1269 9.0894 0.0500
f 1101 1102 4198
f 4198 1102 1101
v 4.6456 8.7581 0.0500
f 1099 1103 4199
f 4199 1103 1099
v 4.9294 8.6606 0.0500
f 1103 1104 4200
f 4200 1104 1103
v 5.2293 8.6623 0.0500
f 1104 1105 4201
f 4201 1105 1104
v 4.6456 8.7581 0.0500
f 1099 1106 4202
f 4202 1106 1099
v 4.9267 8.8629 0.0500
f 1106 1107 4203
f 4203 1107 1106
v 5.2078 8.9677 0.0500
f 1107 1108 4204
f 4204 1108 1107
v 5.2966 9.2542 0.0500
f 1108 1109 4205
f 4205 1109 1108
v 5.4787 9.4927 0.0500
f 1109 1110 4206
f 4206 1110 1109
v 5.2078 8.9677 0.0500
f 1107 1111 4207
f 4207 1111 1107
v 5.5059 9.0011 0.0500
f 1111 1112 4208
f 4208 1112 1111
v 5.7590 9.1622 0.0500
f 1112 1113 4209
f 4209 1113 1112
v 3.5350 9.1135 0.0500
f 1085 1114 4210
f 4210 1114 1085
v 3.7630 9.3084 0.0500
f 1114 1115 4211
f 4211 1115 1114
v 3.9911 9.5033 0.0500
f 1115 1116 4212
f 4212 1116 1115
v 4.2895 9.4720 0.0500
f 1116 1117 4213
f 4213 1117 1116
v 4.5746 9.5651 0.0500
f 1117 1118 4214
f 4214 1118 1117
v 3.9911 9.5033 0.0500
f 1115 1119 4215
f 4215 1119 1115
v 4.1191 9.7746 0.0500
f 1119 1120 4216
f 4216 1120 1119
v 4.3572 9.9571 0.0500
f 1120 1121 4217
f 4217 1121 1120
v 3.9911 9.5033 0.0500
f 1115 1122 4218
f 4218 1122 1115
v 4.2804 9.5826 0.0500
f 1122 1123 4219
f 4219 1123 1122
v 4.5698 9.6619 0.0500
f 1123 1124 4220
f 4220 1124 1123
v 4.8300 9.5127 0.0500
f 1124 1125 4221
f 4221 1125 1124
v 5.1295 9.4957 0.0500
f 1125 1126 4222
f 4222 1126 1125
v 4.5698 9.6619 0.0500
f 1123 1127 4223
f 4223 1127 1123
v 4.8041 9.8492 0.0500
f 1127 1128 4224
f 4224 1128 1127
v 5.0912 9.9361 0.0500
f 1128 1129 4225
f 4225 1129 1128
v 4.5698 9.6619 0.0500
f 1123 1130 4226
f 4226 1130 1123
v 4.8654 9.6110 0.0500
f 1130 1131 4227
f 4227 1131 1130
v 5.1610 9.5601 0.0500
f 1131 1132 4228
f 4228 1132 1131
v 5.3491 9.3263 0.0500
f 1132 1133 4229
f 4229 1133 1132
v 5.5989 9.1602 0.0500
f 1133 1134 4230
f 4230 1134 1133
v 5.1610 9.5601 0.0500
f 1131 1135 4231
f 4231 1135 1131
v 5.4563 9.6130 0.0500
f 1135 1136 4232
f 4232 1136 1135
v 5.7440 9.5277 0.0500
f 1136 1137 4233
f 4233 1137 1136
v 1.1038 6.7836 0.0500
f 783 1138 4234
f 4234 1138 783
v 1.2390 7.0514 0.0500
f 1138 1139 4235
f 4235 1139 1138
v 1.3742 7.3192 0.0500
f 1139 1140 4236
f 4236 1140 1139
v 1.2667 7.5993 0.0500
f 1140 1141 4237
f 4237 1141 1140
v 1.2543 7.8991 0.0500
f 1141 1142 4238
f 4238 1142 1141
v 1.3742 7.3192 0.0500
f 1139 1143 4239
f 4239 1143 1139
v 1.6047 7.5112 0.0500
f 1143 1144 4240
f 4240 1144 1143
v 1.7509 7.7732 0.0500
f 1144 1145 4241
f 4241 1145 1144
v 1.3742 7.3192 0.0500
f 1139 1146 4242
f 4242 1146 1139
v 1.5087 7.5874 0.0500
f 1146 1147 4243
f 4243 1147 1146
v 1.6433 7.8555 0.0500
f 1147 1148 4244
f 4244 1148 1147
v 1.9312 7.9398 0.0500
f 1148 1149 4245
f 4245 1149 1148
v 2.1587 8.1353 0.0500
f 1149 1150 4246
f 4246 1150 1149
v 1.6433 7.8555 0.0500
f 1147 1151 4247
f 4247 1151 1147
v 1.6830 8.1529 0.0500
f 1151 1152 4248
f 4248 1152 1151
v 1.8273 8.4159 0.0500
f 1152 1153 4249
f 4249 1153 1152
v 1.6433 7.8555 0.0500
f 1147 1154 4250
f 4250 1154 1147
v 1.9345 7.9277 0.0500
f 1154 1155 4251
f 4251 1155 1154
v 2.2257 7.9999 0.0500
f 1155 1156 4252
f 4252 1156 1155
v 2.4155 8.2322 0.0500
f 1156 1157 4253
f 4253 1157 1156
v 2.6671 8.3956 0.0500
f 1157 1158 4254
f 4254 1158 1157
v 2.2257 7.9999 0.0500
f 1155 1159 4255
f 4255 1159 1155
v 2.5176 7.9309 0.0500
f 1159 1160 4256
f 4256 1160 1159
v 2.8152 7.9686 0.0500
f 1160 1161 4257
f 4257 1161 1160
v 2.2257 7.9999 0.0500
f 1155 1162 4258
f 4258 1162 1155
v 2.4680 8.1767 0.0500
f 1162 1163 4259
f 4259 1163 1162
v 2.7104 8.3535 0.0500
f 1163 1164 4260
f 4260 1164 1163
v 2.7546 8.6502 0.0500
f 1164 1165 4261
f 4261 1165 1164
v 2.9026 8.9112 0.0500
f 1165 1166 4262
f 4262 1166 1165
v 2.7104 8.3535 0.0500
f 1163 1167 4263
f 4263 1167 1163
v 3.0055 8.4075 0.0500
f 1167 1168 4264
f 4264 1168 1167
v 3.2699 8.5492 0.0500
f 1168 1169 4265
f 4265 1169 1168
v 2.7104 8.3535 0.0500
f 1163 1170 4266
f 4266 1170 1163
v 2.8814 8.6000 0.0500
f 1170 1171 4267
f 4267 1171 1170
v 3.0524 8.8465 0.0500
f 1171 1172 4268
f 4268 1172 1171
v 2.9836 9.1385 0.0500
f 1172 1173 4269
f 4269 1173 1172
v 3.0524 8.8465 0.0500
f 1171 1174 4270
f 4270 1174 1171
v 3.3007 9.0148 0.0500
f 1174 1175 4271
f 4271 1175 1174
v 1.6433 7.8555 0.0500
f 1147 1176 4272
f 4272 1176 1147
v 1.6926 8.1514 0.0500
f 1176 1177 4273
f 4273 1177 1176
v 1.7419 8.4474 0.0500
f 1177 1178 4274
f 4274 1178 1177
v 1.5963 8.7097 0.0500
f 1178 1179 4275
f 4275 1179 1178
v 1.5876 9.0095 0.0500
f 1179 1180 4276
f 4276 1180 1179
v 1.7419 8.4474 0.0500
f 1177 1181 4277
f 4277 1181 1177
v 1.9371 8.6752 0.0500
f 1181 1182 4278
f 4278 1182 1181
v 2.0301 8.9604 0.0500
f 1182 1183 4279
f 4279 1183 1182
v 1.7419 8.4474 0.0500
f 1177 1184 4280
f 4280 1184 1177
v 1.9259 8.6843 0.0500
f 1184 1185 4281
f 4281 1185 1184
v 2.1100 8.9212 0.0500
f 1185 1186 4282
f 4282 1186 1185
v 2.0822 9.2199 0.0500
f 1186 1187 4283
f 4283 1187 1186
v 2.1903 9.4997 0.0500
f 1187 1188 4284
f 4284 1188 1187
v 2.1100 8.9212 0.0500
f 1185 1189 4285
f 4285 1189 1185
v 2.3758 9.0602 0.0500
f 1189 1190 4286
f 4286 1190 1189
v 2.5668 9.2916 0.0500
f 1190 1191 4287
f 4287 1191 1190
v 2.1100 8.9212 0.0500
f 1185 1192 4288
f 4288 1192 1185
v 2.3737 9.0643 0.0500
f 1192 1193 4289
f 4289 1193 1192
v 2.6373 9.2074 0.0500
f 1193 1194 4290
f 4290 1194 1193
v 2.7320 9.4920 0.0500
f 1194 1195 4291
f 4291 1195 1194
v 2.9162 9.7288 0.0500
f 1195 1196 4292
f 4292 1196 1195
v 2.6373 9.2074 0.0500
f 1193 1197 4293
f 4293 1197 1193
v 2.9373 9.2013 0.0500
f 1197 1198 4294
f 4294 1198 1197
v 3.2121 9.3217 0.0500
f 1198 1199 4295
f 4295 1199 1198
v 1.6433 7.8555 0.0500
f 1147 1200 4296
f 4296 1200 1147
v 1.7959 8.1138 0.0500
f 1200 1201 4297
f 4297 1201 1200
v 1.9485 8.3721 0.0500
f 1201 1202 4298
f 4298 1202 1201
v 1.8468 8.6543 0.0500
f 1202 1203 4299
f 4299 1203 1202
v 1.9485 8.3721 0.0500
f 1201 1204 4300
f 4300 1204 1201
v 2.1538 8.5909 0.0500
f 1204 1205 4301
f 4301 1205 1204
v 1.9485 8.3721 0.0500
f 1201 1206 4302
f 4302 1206 1201
v 2.0772 8.6430 0.0500
f 1206 1207 4303
f 4303 1207 1206
v 2.2060 8.9140 0.0500
f 1207 1208 4304
f 4304 1208 1207
v 2.4846 9.0253 0.0500
f 1208 1209 4305
f 4305 1209 1208
v 2.6852 9.2483 0.0500
f 1209 1210 4306
f 4306 1210 1209
v 2.2060 8.9140 0.0500
f 1207 1211 4307
f 4307 1211 1207
v 2.1888 9.2135 0.0500
f 1211 1212 4308
f 4308 1212 1211
v 2.2820 9.4987 0.0500
f 1212 1213 4309
f 4309 1213 1212
v 2.2060 8.9140 0.0500
f 1207 1214 4310
f 4310 1214 1207
v 2.1087 9.1978 0.0500
f 1214 1215 4311
f 4311 1215 1214
v 2.0114 9.4816 0.0500
f 1215 1216 4312
f 4312 1216 1215
v 1.7307 9.5874 0.0500
f 1216 1217 4313
f 4313 1217 1216
v 1.5252 9.8060 0.0500
f 1217 1218 4314
f 4314 1218 1217
v 2.0114 9.4816 0.0500
f 1215 1219 4315
f 4315 1219 1215
v 2.0332 9.7808 0.0500
f 1219 1220 4316
f 4316 1220 1219
v 1.9181 10.0578 0.0500
f 1220 1221 4317
f 4317 1221 1220
v 2.0114 9.4816 0.0500
f 1215 1222 4318
f 4318 1222 1215
v 2.0325 9.7808 0.0500
f 1222 1223 4319
f 4319 1223 1222
v 2.0536 10.0801 0.0500
f 1223 1224 4320
f 4320 1224 1223
v 2.2725 10.2852 0.0500
f 1224 1225 4321
f 4321 1225 1224
v 2.4083 10.5527 0.0500
f 1225 1226 4322
f 4322 1226 1225
v 2.0536 10.0801 0.0500
f 1223 1227 4323
f 4323 1227 1223
v 1.9237 10.3505 0.0500
f 1227 1228 4324
f 4324 1228 1227
v 1.8949 10.6491 0.0500
f 1228 1229 4325
f 4325 1229 1228
v 2.2060 8.9140 0.0500
f 1207 1230 4326
f 4326 1230 1207
v 2.4087 9.1352 0.0500
f 1230 1231 4327
f 4327 1231 1230
v 2.6113 9.3564 0.0500
f 1231 1232 4328
f 4328 1232 1231
v 2.5685 9.6533 0.0500
f 1232 1233 4329
f 4329 1233 1232
v 2.6523 9.9414 0.0500
f 1233 1234 4330
f 4330 1234 1233
v 2.6113 9.3564 0.0500
f 1231 1235 4331
f 4331 1235 1231
v 2.8812 9.4874 0.0500
f 1235 1236 4332
f 4332 1236 1235
v 3.0888 9.7040 0.0500
f 1236 1237 4333
f 4333 1237 1236
v 2.6113 9.3564 0.0500
f 1231 1238 4334
f 4334 1238 1231
v 2.7021 9.6423 0.0500
f 1238 1239 4335
f 4335 1239 1238
v 2.7929 9.9283 0.0500
f 1239 1240 4336
f 4336 1240 1239
v 3.0733 10.0349 0.0500
f 1240 1241 4337
f 4337 1241 1240
v 3.2956 10.2363 0.0500
f 1241 1242 4338
f 4338 1242 1241
v 2.7929 9.9283 0.0500
f 1239 1243 4339
f 4339 1243 1239
v 2.8083 10.2279 0.0500
f 1243 1244 4340
f 4340 1244 1243
v 2.9302 10.5020 0.0500
f 1244 1245 4341
f 4341 1245 1244
v 2.2060 8.9140 0.0500
f 1207 1246 4342
f 4342 1246 1207
v 2.0771 9.1849 0.0500
f 1246 1247 4343
f 4343 1247 1246
v 1.9483 9.4558 0.0500
f 1247 1248 4344
f 4344 1248 1247
v 1.6791 9.5884 0.0500
f 1248 1249 4345
f 4345 1249 1248
v 1.4969 9.8267 0.0500
f 1249 1250 4346
f 4346 1250 1249
v 1.9483 9.4558 0.0500
f 1247 1251 4347
f 4347 1251 1247
v 1.9465 9.7558 0.0500
f 1251 1252 4348
f 4348 1252 1251
v 1.8431 10.0375 0.0500
f 1252 1253 4349
f 4349 1253 1252
v 1.9483 9.4558 0.0500
f 1247 1254 4350
f 4350 1254 1247
v 1.8327 9.7327 0.0500
f 1254 1255 4351
f 4351 1255 1254
v 1.7172 10.0096 0.0500
f 1255 1256 4352
f 4352 1256 1255
v 1.4276 10.0879 0.0500
f 1256 1257 4353
f 4353 1257 1256
v 1.2025 10.2862 0.0500
f 1257 1258 4354
f 4354 1258 1257
v 1.7172 10.0096 0.0500
f 1255 1259 4355
f 4355 1259 1255
v 1.7191 10.3095 0.0500
f 1259 1260 4356
f 4356 1260 1259
v 1.5835 10.5771 0.0500
f 1260 1261 4357
f 4357 1261 1260
v 1.7172 10.0096 0.0500
f 1255 1262 4358
f 4358 1262 1255
v 1.4566 10.1581 0.0500
f 1262 1263 4359
f 4359 1263 1262
v 1.1959 10.3067 0.0500
f 1263 1264 4360
f 4360 1264 1263
v 1.1611 10.6047 0.0500
f 1264 1265 4361
f 4361 1265 1264
v 1.0179 10.8683 0.0500
f 1265 1266 4362
f 4362 1266 1265
v 1.1959 10.3067 0.0500
f 1263 1267 4363
f 4363 1267 1263
v 0.9028 10.3706 0.0500
f 1267 1268 4364
f 4364 1268 1267
v 0.6716 10.5618 0.0500
f 1268 1269 4365
f 4365 1269 1268
v 1.1959 10.3067 0.0500
f 1263 1270 4366
f 4366 1270 1263
v 1.0278 10.5552 0.0500
f 1270 1271 4367
f 4367 1271 1270
v 0.8597 10.8037 0.0500
f 1271 1272 4368
f 4368 1272 1271
v 0.5753 10.8990 0.0500
f 1272 1273 4369
f 4369 1273 1272
v 0.3643 11.1123 0.0500
f 1273 1274 4370
f 4370 1274 1273
v 0.8597 10.8037 0.0500
f 1271 1275 4371
f 4371 1275 1271
v 0.8355 11.1027 0.0500
f 1275 1276 4372
f 4372 1276 1275
v 0.6991 11.3699 0.0500
f 1276 1277 4373
f 4373 1277 1276
v 1.7172 10.0096 0.0500
f 1255 1278 4374
f 4374 1278 1255
v 1.7664 10.3055 0.0500
f 1278 1279 4375
f 4375 1279 1278
v 1.8156 10.6014 0.0500
f 1279 1280 4376
f 4376 1280 1279
v 2.0790 10.7450 0.0500
f 1280 1281 4377
f 4377 1281 1280
v 2.2859 10.9623 0.0500
f 1281 1282 4378
f 4378 1282 1281
v 1.8156 10.6014 0.0500
f 1279 1283 4379
f 4379 1283 1279
v 1.7224 10.8866 0.0500
f 1283 1284 4380
f 4380 1284 1283
v 1.7312 11.1865 0.0500
f 1284 1285 4381
f 4381 1285 1284
v 1.8156 10.6014 0.0500
f 1279 1286 4382
f 4382 1286 1279
v 1.7634 10.8968 0.0500
f 1286 1287 4383
f 4383 1287 1286
v 1.7112 11.1923 0.0500
f 1287 1288 4384
f 4384 1288 1287
v 1.8894 11.4336 0.0500
f 1288 1289 4385
f 4385 1289 1288
v 1.9636 11.7242 0.0500
f 1289 1290 4386
f 4386 1290 1289
v 1.7112 11.1923 0.0500
f 1287 1291 4387
f 4387 1291 1287
v 1.5497 11.4451 0.0500
f 1291 1292 4388
f 4388 1292 1291
v 1.5167 11.7433 0.0500
f 1292 1293 4389
f 4389 1293 1292
v 1.7172 10.0096 0.0500
f 1255 1294 4390
f 4390 1294 1255
v 1.7432 10.3084 0.0500
f 1294 1295 4391
f 4391 1295 1294
v 1.7692 10.6073 0.0500
f 1295 1296 4392
f 4392 1296 1295
v 2.0008 10.7980 0.0500
f 1296 1297 4393
f 4393 1297 1296
v 2.1571 11.0540 0.0500
f 1297 1298 4394
f 4394 1298 1297
v 1.7692 10.6073 0.0500
f 1295 1299 4395
f 4395 1299 1295
v 1.6778 10.8931 0.0500
f 1299 1300 4396
f 4396 1300 1299
v 1.6817 11.1930 0.0500
f 1300 1301 4397
f 4397 1301 1300
v 1.7692 10.6073 0.0500
f 1295 1302 4398
f 4398 1302 1295
v 1.7966 10.9060 0.0500
f 1302 1303 4399
f 4399 1303 1302
v 1.8240 11.2048 0.0500
f 1303 1304 4400
f 4400 1304 1303
v 2.0634 11.3856 0.0500
f 1304 1305 4401
f 4401 1305 1304
v 2.2309 11.6345 0.0500
f 1305 1306 4402
f 4402 1306 1305
v 1.8240 11.2048 0.0500
f 1303 1307 4403
f 4403 1307 1303
v 1.7228 11.4872 0.0500
f 1307 1308 4404
f 4404 1308 1307
v 1.7469 11.7862 0.0500
f 1308 1309 4405
f 4405 1309 1308
v 1.8240 11.2048 0.0500
f 1303 1310 4406
f 4406 1310 1303
v 1.6253 11.4295 0.0500
f 1310 1311 4407
f 4407 1311 1310
v 1.4265 11.6542 0.0500
f 1311 1312 4408
f 4408 1312 1311
v 1.4431 11.9537 0.0500
f 1312 1313 4409
f 4409 1313 1312
v 1.3606 12.2421 0.0500
f 1313 1314 4410
f 4410 1314 1313
v 1.4265 11.6542 0.0500
f 1311 1315 4411
f 4411 1315 1311
v 1.1783 11.8228 0.0500
f 1315 1316 4412
f 4412 1316 1315
v 1.0161 12.0751 0.0500
f 1316 1317 4413
f 4413 1317 1316
v 1.4265 11.6542 0.0500
f 1311 1318 4414
f 4414 1318 1311
v 1.3577 11.9462 0.0500
f 1318 1319 4415
f 4415 1319 1318
v 1.2889 12.2382 0.0500
f 1319 1320 4416
f 4416 1320 1319
v 1.0629 12.4355 0.0500
f 1320 1321 4417
f 4417 1321 1320
v 0.9461 12.7118 0.0500
f 1321 1322 4418
f 4418 1322 1321
v 1.2889 12.2382 0.0500
f 1319 1323 4419
f 4419 1323 1319
v 1.3914 12.5202 0.0500
f 1323 1324 4420
f 4420 1324 1323
v 1.4024 12.8199 0.0500
f 1324 1325 4421
f 4421 1325 1324
v 1.8240 11.2048 0.0500
f 1303 1326 4422
f 4422 1326 1303
v 1.9081 11.4928 0.0500
f 1326 1327 4423
f 4423 1327 1326
v 1.9922 11.7807 0.0500
f 1327 1328 4424
f 4424 1328 1327
v 2.2382 11.9524 0.0500
f 1328 1329 4425
f 4425 1329 1328
v 2.4002 12.2049 0.0500
f 1329 1330 4426
f 4426 1330 1329
v 1.9922 11.7807 0.0500
f 1327 1331 4427
f 4427 1331 1327
v 1.9300 12.0742 0.0500
f 1331 1332 4428
f 4428 1332 1331
v 1.9967 12.3667 0.0500
f 1332 1333 4429
f 4429 1333 1332
v 1.9922 11.7807 0.0500
f 1327 1334 4430
f 4430 1334 1327
v 1.9196 12.0718 0.0500
f 1334 1335 4431
f 4431 1335 1334
v 1.8471 12.3629 0.0500
f 1335 1336 4432
f 4432 1336 1335
v 2.0232 12.6058 0.0500
f 1336 1337 4433
f 4433 1337 1336
v 2.1046 12.8946 0.0500
f 1337 1338 4434
f 4434 1338 1337
v 1.8471 12.3629 0.0500
f 1335 1339 4435
f 4435 1339 1335
v 1.7106 12.6301 0.0500
f 1339 1340 4436
f 4436 1340 1339
v 1.6770 12.9282 0.0500
f 1340 1341 4437
f 4437 1341 1340
v 2.2060 8.9140 0.0500
f 1207 1342 4438
f 4438 1342 1207
v 2.3881 9.1524 0.0500
f 1342 1343 4439
f 4439 1343 1342
v 2.5703 9.3908 0.0500
f 1343 1344 4440
f 4440 1344 1343
v 2.8652 9.4457 0.0500
f 1344 1345 4441
f 4441 1345 1344
v 3.1297 9.5873 0.0500
f 1345 1346 4442
f 4442 1346 1345
v 2.5703 9.3908 0.0500
f 1343 1347 4443
f 4443 1347 1343
v 2.6692 9.6740 0.0500
f 1347 1348 4444
f 4444 1348 1347
v 2.8519 9.9120 0.0500
f 1348 1349 4445
f 4445 1349 1348
v 2.5703 9.3908 0.0500
f 1343 1350 4446
f 4446 1350 1343
v 2.7681 9.6163 0.0500
f 1350 1351 4447
f 4447 1351 1350
v 2.9660 9.8418 0.0500
f 1351 1352 4448
f 4448 1352 1351
v 2.9684 10.1418 0.0500
f 1352 1353 4449
f 4449 1353 1352
v 2.9660 9.8418 0.0500
f 1351 1354 4450
f 4450 1354 1351
v 3.2398 9.9644 0.0500
f 1354 1355 4451
f 4451 1355 1354
v 2.9660 9.8418 0.0500
f 1351 1356 4452
f 4452 1356 1351
v 2.9448 10.1410 0.0500
f 1356 1357 4453
f 4453 1357 1356
v 2.9237 10.4403 0.0500
f 1357 1358 4454
f 4454 1358 1357
v 3.1039 10.6801 0.0500
f 1358 1359 4455
f 4455 1359 1358
v 3.1871 10.9683 0.0500
f 1359 1360 4456
f 4456 1360 1359
v 2.9237 10.4403 0.0500
f 1357 1361 4457
f 4457 1361 1357
v 2.7905 10.7091 0.0500
f 1361 1362 4458
f 4458 1362 1361
v 2.7673 11.0082 0.0500
f 1362 1363 4459
f 4459 1363 1362
v 2.9237 10.4403 0.0500
f 1357 1364 4460
f 4460 1364 1357
v 2.9968 10.7312 0.0500
f 1364 1365 4461
f 4461 1365 1364
v 3.0699 11.0222 0.0500
f 1365 1366 4462
f 4462 1366 1365
v 3.3256 11.1790 0.0500
f 1366 1367 4463
f 4463 1367 1366
v 3.5214 11.4063 0.0500
f 1367 1368 4464
f 4464 1368 1367
v 3.0699 11.0222 0.0500
f 1365 1369 4465
f 4465 1369 1365
v 3.0207 11.3181 0.0500
f 1369 1370 4466
f 4466 1370 1369
v 3.1021 11.6069 0.0500
f 1370 1371 4467
f 4467 1371 1370
v 2.9660 9.8418 0.0500
f 1351 1372 4468
f 4468 1372 1351
v 3.2476 9.9453 0.0500
f 1372 1373 4469
f 4469 1373 1372
v 3.5292 10.0487 0.0500
f 1373 1374 4470
f 4470 1374 1373
v 3.6600 10.3187 0.0500
f 1374 1375 4471
f 4471 1375 1374
v 3.5292 10.0487 0.0500
f 1373 1376 4472
f 4472 1376 1373
v 3.8279 10.0763 0.0500
f 1376 1377 4473
f 4473 1377 1376
v 3.5292 10.0487 0.0500
f 1373 1378 4474
f 4474 1378 1373
v 3.7257 10.2754 0.0500
f 1378 1379 4475
f 4475 1379 1378
v 3.9222 10.5021 0.0500
f 1379 1380 4476
f 4476 1380 1379
v 3.8940 10.8008 0.0500
f 1380 1381 4477
f 4477 1381 1380
v 3.9222 10.5021 0.0500
f 1379 1382 4478
f 4478 1382 1379
v 4.1906 10.6361 0.0500
f 1382 1383 4479
f 4479 1383 1382
v 2.9660 9.8418 0.0500
f 1351 1384 4480
f 4480 1384 1351
v 3.0919 10.1141 0.0500
f 1384 1385 4481
f 4481 1385 1384
v 3.2179 10.3863 0.0500
f 1385 1386 4482
f 4482 1386 1385
v 3.5010 10.4857 0.0500
f 1386 1387 4483
f 4483 1387 1386
v 3.7376 10.6700 0.0500
f 1387 1388 4484
f 4484 1388 1387
v 3.2179 10.3863 0.0500
f 1385 1389 4485
f 4485 1389 1385
v 3.2344 10.6859 0.0500
f 1389 1390 4486
f 4486 1390 1389
v 3.3712 10.9529 0.0500
f 1390 1391 4487
f 4487 1391 1390
v 3.2179 10.3863 0.0500
f 1385 1392 4488
f 4488 1392 1385
v 3.3347 10.6627 0.0500
f 1392 1393 4489
f 4489 1393 1392
v 3.4515 10.9390 0.0500
f 1393 1394 4490
f 4490 1394 1393
v 3.3450 11.2194 0.0500
f 1394 1395 4491
f 4491 1395 1394
v 3.4515 10.9390 0.0500
f 1393 1396 4492
f 4492 1396 1393
v 3.6522 11.1620 0.0500
f 1396 1397 4493
f 4493 1397 1396
v 3.4515 10.9390 0.0500
f 1393 1398 4494
f 4494 1398 1393
v 3.7400 11.0213 0.0500
f 1398 1399 4495
f 4495 1399 1398
v 4.0285 11.1037 0.0500
f 1399 1400 4496
f 4496 1400 1399
v 4.1965 11.3522 0.0500
f 1400 1401 4497
f 4497 1401 1400
v 4.0285 11.1037 0.0500
f 1399 1402 4498
f 4498 1402 1399
v 4.3282 11.0908 0.0500
f 1402 1403 4499
f 4499 1403 1402
v 4.0285 11.1037 0.0500
f 1399 1404 4500
f 4500 1404 1399
v 4.2419 11.3146 0.0500
f 1404 1405 4501
f 4501 1405 1404
v 4.4553 11.5254 0.0500
f 1405 1406 4502
f 4502 1406 1405
v 4.4139 11.8225 0.0500
f 1406 1407 4503
f 4503 1407 1406
v 4.4553 11.5254 0.0500
f 1405 1408 4504
f 4504 1408 1405
v 4.7308 11.6441 0.0500
f 1408 1409 4505
f 4505 1409 1408
v 4.4553 11.5254 0.0500
f 1405 1410 4506
f 4506 1410 1405
v 4.5570 11.8076 0.0500
f 1410 1411 4507
f 4507 1411 1410
v 4.6586 12.0899 0.0500
f 1411 1412 4508
f 4508 1412 1411
v 4.5097 12.3503 0.0500
f 1412 1413 4509
f 4509 1413 1412
v 4.6586 12.0899 0.0500
f 1411 1414 4510
f 4510 1414 1411
v 4.8420 12.3273 0.0500
f 1414 1415 4511
f 4511 1415 1414
v 3.4515 10.9390 0.0500
f 1393 1416 4512
f 4512 1416 1393
v 3.4773 11.2379 0.0500
f 1416 1417 4513
f 4513 1417 1416
v 3.5030 11.5368 0.0500
f 1417 1418 4514
f 4514 1418 1417
v 3.3127 11.7687 0.0500
f 1418 1419 4515
f 4515 1419 1418
v 3.2377 12.0592 0.0500
f 1419 1420 4516
f 4516 1420 1419
v 3.5030 11.5368 0.0500
f 1417 1421 4517
f 4517 1421 1417
v 3.6700 11.7860 0.0500
f 1421 1422 4518
f 4518 1422 1421
v 3.7183 12.0821 0.0500
f 1422 1423 4519
f 4519 1423 1422
v 3.5030 11.5368 0.0500
f 1417 1424 4520
f 4520 1424 1417
v 3.6811 11.7782 0.0500
f 1424 1425 4521
f 4521 1425 1424
v 3.8592 12.0196 0.0500
f 1425 1426 4522
f 4522 1426 1425
v 4.1575 12.0512 0.0500
f 1426 1427 4523
f 4523 1427 1426
v 4.4238 12.1893 0.0500
f 1427 1428 4524
f 4524 1428 1427
v 3.8592 12.0196 0.0500
f 1425 1429 4525
f 4525 1429 1425
v 3.9747 12.2965 0.0500
f 1429 1430 4526
f 4526 1430 1429
v 4.1753 12.5196 0.0500
f 1430 1431 4527
f 4527 1431 1430
v 3.8592 12.0196 0.0500
f 1425 1432 4528
f 4528 1432 1425
v 4.1198 12.1682 0.0500
f 1432 1433 4529
f 4529 1433 1432
v 4.3804 12.3168 0.0500
f 1433 1434 4530
f 4530 1434 1433
v 4.4668 12.6041 0.0500
f 1434 1435 4531
f 4531 1435 1434
v 4.6465 12.8443 0.0500
f 1435 1436 4532
f 4532 1436 1435
v 4.3804 12.3168 0.0500
f 1433 1437 4533
f 4533 1437 1433
v 4.6769 12.3622 0.0500
f 1437 1438 4534
f 4534 1438 1437
v 4.9455 12.4959 0.0500
f 1438 1439 4535
f 4535 1439 1438
v 2.2060 8.9140 0.0500
f 1207 1440 4536
f 4536 1440 1207
v 2.2044 9.2140 0.0500
f 1440 1441 4537
f 4537 1441 1440
v 2.2027 9.5140 0.0500
f 1441 1442 4538
f 4538 1442 1441
v 1.9984 9.7337 0.0500
f 1442 1443 4539
f 4539 1443 1442
v 2.2027 9.5140 0.0500
f 1441 1444 4540
f 4540 1444 1441
v 2.3380 9.7818 0.0500
f 1444 1445 4541
f 4541 1445 1444
v 2.2027 9.5140 0.0500
f 1441 1446 4542
f 4542 1446 1441
v 2.2345 9.8123 0.0500
f 1446 1447 4543
f 4543 1447 1446
v 2.2663 10.1106 0.0500
f 1447 1448 4544
f 4544 1448 1447
v 2.0647 10.3328 0.0500
f 1448 1449 4545
f 4545 1449 1448
v 2.2663 10.1106 0.0500
f 1447 1450 4546
f 4546 1450 1447
v 2.4127 10.3724 0.0500
f 1450 1451 4547
f 4547 1451 1450
v 2.2663 10.1106 0.0500
f 1447 1452 4548
f 4548 1452 1447
v 2.0749 10.3417 0.0500
f 1452 1453 4549
f 4549 1453 1452
v 1.8836 10.5728 0.0500
f 1453 1454 4550
f 4550 1454 1453
v 1.5836 10.5726 0.0500
f 1454 1455 4551
f 4551 1455 1454
v 1.3116 10.6990 0.0500
f 1455 1456 4552
f 4552 1456 1455
v 1.8836 10.5728 0.0500
f 1453 1457 4553
f 4553 1457 1453
v 1.7952 10.8595 0.0500
f 1457 1458 4554
f 4554 1458 1457
v 1.5937 11.0817 0.0500
f 1458 1459 4555
f 4555 1459 1458
v 1.8836 10.5728 0.0500
f 1453 1460 4556
f 4556 1460 1453
v 1.7813 10.8548 0.0500
f 1460 1461 4557
f 4557 1461 1460
v 1.6789 11.1368 0.0500
f 1461 1462 4558
f 4558 1462 1461
v 1.4051 11.2594 0.0500
f 1462 1463 4559
f 4559 1463 1462
v 1.1887 11.4671 0.0500
f 1463 1464 4560
f 4560 1464 1463
v 1.6789 11.1368 0.0500
f 1461 1465 4561
f 4561 1465 1461
v 1.6603 11.4362 0.0500
f 1465 1466 4562
f 4562 1466 1465
v 1.5260 11.7045 0.0500
f 1466 1467 4563
f 4563 1467 1466
v 2.2663 10.1106 0.0500
f 1447 1468 4564
f 4564 1468 1447
v 2.3748 10.3903 0.0500
f 1468 1469 4565
f 4565 1469 1468
v 2.4833 10.6700 0.0500
f 1469 1470 4566
f 4566 1470 1469
v 2.3923 10.9558 0.0500
f 1470 1471 4567
f 4567 1471 1470
v 2.4369 11.2525 0.0500
f 1471 1472 4568
f 4568 1472 1471
v 2.4833 10.6700 0.0500
f 1469 1473 4569
f 4569 1473 1469
v 2.6796 10.8969 0.0500
f 1473 1474 4570
f 4570 1474 1473
v 2.7929 11.1747 0.0500
f 1474 1475 4571
f 4571 1475 1474
v 2.4833 10.6700 0.0500
f 1469 1476 4572
f 4572 1476 1469
v 2.4741 10.9698 0.0500
f 1476 1477 4573
f 4573 1477 1476
v 2.4648 11.2697 0.0500
f 1477 1478 4574
f 4574 1478 1477
v 2.2458 11.4748 0.0500
f 1478 1479 4575
f 4575 1479 1478
v 2.1458 11.7576 0.0500
f 1479 1480 4576
f 4576 1480 1479
v 2.4648 11.2697 0.0500
f 1477 1481 4577
f 4577 1481 1477
v 2.5883 11.5431 0.0500
f 1481 1482 4578
f 4578 1482 1481
v 2.6025 11.8428 0.0500
f 1482 1483 4579
f 4579 1483 1482
v 2.2663 10.1106 0.0500
f 1447 1484 4580
f 4580 1484 1447
v 2.2795 10.4103 0.0500
f 1484 1485 4581
f 4581 1485 1484
v 2.2927 10.7101 0.0500
f 1485 1486 4582
f 4582 1486 1485
v 2.5090 10.9179 0.0500
f 1486 1487 4583
f 4583 1487 1486
v 2.6147 11.1987 0.0500
f 1487 1488 4584
f 4584 1488 1487
v 2.2927 10.7101 0.0500
f 1485 1489 4585
f 4585 1489 1485
v 2.1925 10.9928 0.0500
f 1489 1490 4586
f 4586 1490 1489
v 2.1825 11.2927 0.0500
f 1490 1491 4587
f 4587 1491 1490
v 2.2927 10.7101 0.0500
f 1485 1492 4588
f 4588 1492 1485
v 2.3142 11.0093 0.0500
f 1492 1493 4589
f 4589 1493 1492
v 2.3357 11.3085 0.0500
f 1493 1494 4590
f 4590 1494 1493
v 2.5612 11.5064 0.0500
f 1494 1495 4591
f 4591 1495 1494
v 2.7151 11.7639 0.0500
f 1495 1496 4592
f 4592 1496 1495
v 2.3357 11.3085 0.0500
f 1493 1497 4593
f 4593 1497 1493
v 2.2212 11.5858 0.0500
f 1497 1498 4594
f 4594 1498 1497
v 2.2139 11.8857 0.0500
f 1498 1499 4595
f 4595 1499 1498
v 2.3357 11.3085 0.0500
f 1493 1500 4596
f 4596 1500 1493
v 2.1369 11.5332 0.0500
f 1500 1501 4597
f 4597 1501 1500
v 1.9382 11.7579 0.0500
f 1501 1502 4598
f 4598 1502 1501
v 1.6423 11.8075 0.0500
f 1502 1503 4599
f 4599 1503 1502
v 1.3830 11.9584 0.0500
f 1503 1504 4600
f 4600 1504 1503
v 1.9382 11.7579 0.0500
f 1501 1505 4601
f 4601 1505 1501
v 1.8774 12.0517 0.0500
f 1505 1506 4602
f 4602 1506 1505
v 1.7260 12.3107 0.0500
f 1506 1507 4603
f 4603 1507 1506
v 1.9382 11.7579 0.0500
f 1501 1508 4604
f 4604 1508 1501
v 1.8707 12.0502 0.0500
f 1508 1509 4605
f 4605 1509 1508
v 1.8031 12.3425 0.0500
f 1509 1510 4606
f 4606 1510 1509
v 1.5386 12.4840 0.0500
f 1510 1511 4607
f 4607 1511 1510
v 1.3300 12.6997 0.0500
f 1511 1512 4608
f 4608 1512 1511
v 1.8031 12.3425 0.0500
f 1509 1513 4609
f 4609 1513 1509
v 1.8512 12.6387 0.0500
f 1513 1514 4610
f 4610 1514 1513
v 1.7842 12.9311 0.0500
f 1514 1515 4611
f 4611 1515 1514
v 2.3357 11.3085 0.0500
f 1493 1516 4612
f 4612 1516 1493
v 2.4511 11.5854 0.0500
f 1516 1517 4613
f 4613 1517 1516
v 2.5665 11.8623 0.0500
f 1517 1518 4614
f 4614 1518 1517
v 2.8462 11.9707 0.0500
f 1518 1519 4615
f 4615 1519 1518
v 3.0620 12.1791 0.0500
f 1519 1520 4616
f 4616 1520 1519
v 2.5665 11.8623 0.0500
f 1517 1521 4617
f 4617 1521 1517
v 2.6085 12.1594 0.0500
f 1521 1522 4618
f 4618 1522 1521
v 2.7648 12.4154 0.0500
f 1522 1523 4619
f 4619 1523 1522
v 2.5665 11.8623 0.0500
f 1517 1524 4620
f 4620 1524 1517
v 2.6070 12.1596 0.0500
f 1524 1525 4621
f 4621 1525 1524
v 2.6476 12.4568 0.0500
f 1525 1526 4622
f 4622 1526 1525
v 2.4722 12.7002 0.0500
f 1526 1527 4623
f 4623 1527 1526
v 2.6476 12.4568 0.0500
f 1525 1528 4624
f 4624 1528 1525
v 2.8204 12.7020 0.0500
f 1528 1529 4625
f 4625 1529 1528
v 2.3357 11.3085 0.0500
f 1493 1530 4626
f 4626 1530 1493
v 2.5494 11.5191 0.0500
f 1530 1531 4627
f 4627 1531 1530
v 2.7631 11.7296 0.0500
f 1531 1532 4628
f 4628 1532 1531
v 3.0627 11.7140 0.0500
f 1532 1533 4629
f 4629 1533 1532
v 3.3462 11.8119 0.0500
f 1533 1534 4630
f 4630 1534 1533
v 2.7631 11.7296 0.0500
f 1531 1535 4631
f 4631 1535 1531
v 2.8631 12.0125 0.0500
f 1535 1536 4632
f 4632 1536 1535
v 3.0768 12.2231 0.0500
f 1536 1537 4633
f 4633 1537 1536
v 2.7631 11.7296 0.0500
f 1531 1538 4634
f 4634 1538 1531
v 2.9780 11.9390 0.0500
f 1538 1539 4635
f 4635 1539 1538
v 3.1929 12.1483 0.0500
f 1539 1540 4636
f 4636 1540 1539
v 3.4928 12.1407 0.0500
f 1540 1541 4637
f 4637 1541 1540
v 3.7746 12.2437 0.0500
f 1541 1542 4638
f 4638 1542 1541
v 3.1929 12.1483 0.0500
f 1539 1543 4639
f 4639 1543 1539
v 3.3269 12.4167 0.0500
f 1543 1544 4640
f 4640 1544 1543
v 3.5610 12.6043 0.0500
f 1544 1545 4641
f 4641 1545 1544
v 3.1929 12.1483 0.0500
f 1539 1546 4642
f 4642 1546 1539
v 3.1954 12.4483 0.0500
f 1546 1547 4643
f 4643 1547 1546
v 3.1980 12.7483 0.0500
f 1547 1548 4644
f 4644 1548 1547
v 2.9858 12.9604 0.0500
f 1548 1549 4645
f 4645 1549 1548
v 2.8920 13.2453 0.0500
f 1549 1550 4646
f 4646 1550 1549
v 3.1980 12.7483 0.0500
f 1547 1551 4647
f 4647 1551 1547
v 3.3432 13.0107 0.0500
f 1551 1552 4648
f 4648 1552 1551
v 3.3849 13.3078 0.0500
f 1552 1553 4649
f 4649 1553 1552
v 3.1980 12.7483 0.0500
f 1547 1554 4650
f 4650 1554 1547
v 3.3684 12.9951 0.0500
f 1554 1555 4651
f 4651 1555 1554
v 3.5389 13.2419 0.0500
f 1555 1556 4652
f 4652 1556 1555
v 3.8366 13.2792 0.0500
f 1556 1557 4653
f 4653 1557 1556
v 4.1040 13.4153 0.0500
f 1557 1558 4654
f 4654 1558 1557
v 3.5389 13.2419 0.0500
f 1555 1559 4655
f 4655 1559 1555
v 3.6082 13.5338 0.0500
f 1559 1560 4656
f 4656 1560 1559
v 3.7724 13.7849 0.0500
f 1560 1561 4657
f 4657 1561 1560
v 3.5389 13.2419 0.0500
f 1555 1562 4658
f 4658 1562 1555
v 3.7914 13.4040 0.0500
f 1562 1563 4659
f 4659 1563 1562
v 4.0439 13.5660 0.0500
f 1563 1564 4660
f 4660 1564 1563
v 4.1386 13.8507 0.0500
f 1564 1565 4661
f 4661 1565 1564
v 4.3235 14.0869 0.0500
f 1565 1566 4662
f 4662 1566 1565
v 4.0439 13.5660 0.0500
f 1563 1567 4663
f 4663 1567 1563
v 4.3349 13.6388 0.0500
f 1567 1568 4664
f 4664 1568 1567
v 4.5660 13.8301 0.0500
f 1568 1569 4665
f 4665 1569 1568
v 3.1929 12.1483 0.0500
f 1539 1570 4666
f 4666 1570 1539
v 3.4709 12.2611 0.0500
f 1570 1571 4667
f 4667 1571 1570
v 3.7488 12.3740 0.0500
f 1571 1572 4668
f 4668 1572 1571
v 3.8584 12.6533 0.0500
f 1572 1573 4669
f 4669 1573 1572
v 3.7488 12.3740 0.0500
f 1571 1574 4670
f 4670 1574 1571
v 4.0485 12.3604 0.0500
f 1574 1575 4671
f 4671 1575 1574
v 3.7488 12.3740 0.0500
f 1571 1576 4672
f 4672 1576 1571
v 3.9738 12.5725 0.0500
f 1576 1577 4673
f 4673 1577 1576
v 4.1987 12.7710 0.0500
f 1577 1578 4674
f 4674 1578 1577
v 4.4945 12.7212 0.0500
f 1578 1579 4675
f 4675 1579 1578
v 4.7913 12.7654 0.0500
f 1579 1580 4676
f 4676 1580 1579
v 4.1987 12.7710 0.0500
f 1577 1581 4677
f 4677 1581 1577
v 4.3420 13.0346 0.0500
f 1581 1582 4678
f 4678 1582 1581
v 4.5654 13.2347 0.0500
f 1582 1583 4679
f 4679 1583 1582
v 4.1987 12.7710 0.0500
f 1577 1584 4680
f 4680 1584 1577
v 4.3672 13.0192 0.0500
f 1584 1585 4681
f 4681 1585 1584
v 4.5357 13.2674 0.0500
f 1585 1586 4682
f 4682 1586 1585
v 4.8242 13.3496 0.0500
f 1586 1587 4683
f 4683 1587 1586
v 5.0483 13.5491 0.0500
f 1587 1588 4684
f 4684 1588 1587
v 4.5357 13.2674 0.0500
f 1585 1589 4685
f 4685 1589 1585
v 4.5410 13.5674 0.0500
f 1589 1590 4686
f 4686 1590 1589
v 4.6768 13.8349 0.0500
f 1590 1591 4687
f 4687 1591 1590
v 3.1929 12.1483 0.0500
f 1539 1592 4688
f 4688 1592 1539
v 3.3230 12.4186 0.0500
f 1592 1593 4689
f 4689 1593 1592
v 3.4531 12.6889 0.0500
f 1593 1594 4690
f 4690 1594 1593
v 3.3937 12.9830 0.0500
f 1594 1595 4691
f 4691 1595 1594
v 3.4372 13.2798 0.0500
f 1595 1596 4692
f 4692 1596 1595
v 3.4531 12.6889 0.0500
f 1593 1597 4693
f 4693 1597 1593
v 3.6824 12.8824 0.0500
f 1597 1598 4694
f 4694 1598 1597
v 3.8219 13.1480 0.0500
f 1598 1599 4695
f 4695 1599 1598
v 3.4531 12.6889 0.0500
f 1593 1600 4696
f 4696 1600 1593
v 3.5880 12.9569 0.0500
f 1600 1601 4697
f 4697 1601 1600
v 3.7230 13.2248 0.0500
f 1601 1602 4698
f 4698 1602 1601
v 3.6672 13.5196 0.0500
f 1602 1603 4699
f 4699 1603 1602
v 3.7429 13.8099 0.0500
f 1603 1604 4700
f 4700 1604 1603
v 3.7230 13.2248 0.0500
f 1601 1605 4701
f 4701 1605 1601
v 3.9638 13.4037 0.0500
f 1605 1606 4702
f 4702 1606 1605
v 4.0968 13.6726 0.0500
f 1606 1607 4703
f 4703 1607 1606
v 3.7230 13.2248 0.0500
f 1601 1608 4704
f 4704 1608 1601
v 3.6470 13.5150 0.0500
f 1608 1609 4705
f 4705 1609 1608
v 3.5710 13.8052 0.0500
f 1609 1610 4706
f 4706 1610 1609
v 3.3076 13.9488 0.0500
f 1610 1611 4707
f 4707 1611 1610
v 3.5710 13.8052 0.0500
f 1609 1612 4708
f 4708 1612 1609
v 3.6333 14.0987 0.0500
f 1612 1613 4709
f 4709 1613 1612
v 3.5710 13.8052 0.0500
f 1609 1614 4710
f 4710 1614 1609
v 3.6271 14.0999 0.0500
f 1614 1615 4711
f 4711 1615 1614
v 3.6833 14.3946 0.0500
f 1615 1616 4712
f 4712 1616 1615
v 3.5478 14.6623 0.0500
f 1616 1617 4713
f 4713 1617 1616
v 3.5479 14.9623 0.0500
f 1617 1618 4714
f 4714 1618 1617
v 3.6833 14.3946 0.0500
f 1615 1619 4715
f 4715 1619 1615
v 3.8918 14.6103 0.0500
f 1619 1620 4716
f 4716 1620 1619
v 3.9821 14.8963 0.0500
f 1620 1621 4717
f 4717 1621 1620
v 3.6833 14.3946 0.0500
f 1615 1622 4718
f 4718 1622 1615
v 3.8675 14.6314 0.0500
f 1622 1623 4719
f 4719 1623 1622
v 4.0517 14.8682 0.0500
f 1623 1624 4720
f 4720 1624 1623
v 4.0399 15.1679 0.0500
f 1624 1625 4721
f 4721 1625 1624
v 4.1340 15.4528 0.0500
f 1625 1626 4722
f 4722 1626 1625
v 4.0517 14.8682 0.0500
f 1623 1627 4723
f 4723 1627 1623
v 4.3050 15.0289 0.0500
f 1627 1628 4724
f 4724 1628 1627
v 4.4623 15.2844 0.0500
f 1628 1629 4725
f 4725 1629 1628
v 3.7230 13.2248 0.0500
f 1601 1630 4726
f 4726 1630 1601
v 3.9571 13.4123 0.0500
f 1630 1631 4727
f 4727 1631 1630
v 4.1913 13.5999 0.0500
f 1631 1632 4728
f 4728 1632 1631
v 4.4885 13.5589 0.0500
f 1632 1633 4729
f 4729 1633 1632
v 4.7833 13.6145 0.0500
f 1633 1634 4730
f 4730 1634 1633
v 4.1913 13.5999 0.0500
f 1631 1635 4731
f 4731 1635 1631
v 4.3283 13.8668 0.0500
f 1635 1636 4732
f 4732 1636 1635
v 4.5627 14.0540 0.0500
f 1636 1637 4733
f 4733 1637 1636
v 4.1913 13.5999 0.0500
f 1631 1638 4734
f 4734 1638 1631
v 4.3116 13.8747 0.0500
f 1638 1639 4735
f 4735 1639 1638
v 4.4319 14.1495 0.0500
f 1639 1640 4736
f 4736 1640 1639
v 4.3498 14.4381 0.0500
f 1640 1641 4737
f 4737 1641 1640
v 4.4319 14.1495 0.0500
f 1639 1642 4738
f 4738 1642 1639
v 4.6294 14.3754 0.0500
f 1642 1643 4739
f 4739 1643 1642
v 4.4319 14.1495 0.0500
f 1639 1644 4740
f 4740 1644 1639
v 4.4122 14.4489 0.0500
f 1644 1645 4741
f 4741 1645 1644
v 4.3925 14.7482 0.0500
f 1645 1646 4742
f 4742 1646 1645
v 4.5891 14.9749 0.0500
f 1646 1647 4743
f 4743 1647 1646
v 4.7000 15.2536 0.0500
f 1647 1648 4744
f 4744 1648 1647
v 4.3925 14.7482 0.0500
f 1645 1649 4745
f 4745 1649 1645
v 4.2302 15.0005 0.0500
f 1649 1650 4746
f 4746 1650 1649
v 4.1962 15.2986 0.0500
f 1650 1651 4747
f 4747 1651 1650
v 3.7230 13.2248 0.0500
f 1601 1652 4748
f 4748 1652 1601
v 3.7617 13.5223 0.0500
f 1652 1653 4749
f 4749 1653 1652
v 3.8004 13.8198 0.0500
f 1653 1654 4750
f 4750 1654 1653
v 4.0408 13.9992 0.0500
f 1654 1655 4751
f 4751 1655 1654
v 4.2014 14.2526 0.0500
f 1655 1656 4752
f 4752 1656 1655
v 3.8004 13.8198 0.0500
f 1653 1657 4753
f 4753 1657 1653
v 3.7238 14.1098 0.0500
f 1657 1658 4754
f 4754 1658 1657
v 3.7518 14.4085 0.0500
f 1658 1659 4755
f 4755 1659 1658
v 3.8004 13.8198 0.0500
f 1653 1660 4756
f 4756 1660 1653
v 3.8260 14.1187 0.0500
f 1660 1661 4757
f 4757 1661 1660
v 3.8516 14.4176 0.0500
f 1661 1662 4758
f 4758 1662 1661
v 3.6565 14.6454 0.0500
f 1662 1663 4759
f 4759 1663 1662
v 3.5740 14.9339 0.0500
f 1663 1664 4760
f 4760 1664 1663
v 3.8516 14.4176 0.0500
f 1661 1665 4761
f 4761 1665 1661
v 3.9801 14.6887 0.0500
f 1665 1666 4762
f 4762 1666 1665
v 3.9892 14.9885 0.0500
f 1666 1667 4763
f 4763 1667 1666
v 3.8516 14.4176 0.0500
f 1661 1668 4764
f 4764 1668 1661
v 3.6532 14.6426 0.0500
f 1668 1669 4765
f 4765 1669 1668
v 3.4547 14.8675 0.0500
f 1669 1670 4766
f 4766 1670 1669
v 3.1550 14.8812 0.0500
f 1670 1671 4767
f 4767 1671 1670
v 2.8879 15.0176 0.0500
f 1671 1672 4768
f 4768 1672 1671
v 3.4547 14.8675 0.0500
f 1669 1673 4769
f 4769 1673 1669
v 3.3632 15.1532 0.0500
f 1673 1674 4770
f 4770 1674 1673
v 3.1761 15.3877 0.0500
f 1674 1675 4771
f 4771 1675 1674
v 3.4547 14.8675 0.0500
f 1669 1676 4772
f 4772 1676 1669
v 3.3702 15.1554 0.0500
f 1676 1677 4773
f 4773 1677 1676
v 3.2856 15.4432 0.0500
f 1677 1678 4774
f 4774 1678 1677
v 3.0145 15.5717 0.0500
f 1678 1679 4775
f 4775 1679 1678
v 3.2856 15.4432 0.0500
f 1677 1680 4776
f 4776 1680 1677
v 3.2917 15.7431 0.0500
f 1680 1681 4777
f 4777 1681 1680
v 3.2856 15.4432 0.0500
f 1677 1682 4778
f 4778 1682 1677
v 3.3086 15.7423 0.0500
f 1682 1683 4779
f 4779 1683 1682
v 3.3317 16.0414 0.0500
f 1683 1684 4780
f 4780 1684 1683
v 3.1481 16.2787 0.0500
f 1684 1685 4781
f 4781 1685 1684
v 3.0937 16.5737 0.0500
f 1685 1686 4782
f 4782 1686 1685
v 3.3317 16.0414 0.0500
f 1683 1687 4783
f 4783 1687 1683
v 3.4331 16.3238 0.0500
f 1687 1688 4784
f 4784 1688 1687
v 3.4173 16.6233 0.0500
f 1688 1689 4785
f 4785 1689 1688
v 3.8516 14.4176 0.0500
f 1661 1690 4786
f 4786 1690 1661
v 3.9544 14.6994 0.0500
f 1690 1691 4787
f 4787 1691 1690
v 4.0571 14.9813 0.0500
f 1691 1692 4788
f 4788 1692 1691
v 4.3432 15.0716 0.0500
f 1692 1693 4789
f 4789 1693 1692
v 4.5729 15.2645 0.0500
f 1693 1694 4790
f 4790 1694 1693
v 4.0571 14.9813 0.0500
f 1691 1695 4791
f 4791 1695 1691
v 4.0544 15.2813 0.0500
f 1695 1696 4792
f 4792 1696 1695
v 4.1700 15.5581 0.0500
f 1696 1697 4793
f 4793 1697 1696
v 4.0571 14.9813 0.0500
f 1691 1698 4794
f 4794 1698 1691
v 4.0553 15.2813 0.0500
f 1698 1699 4795
f 4795 1699 1698
v 4.0534 15.5813 0.0500
f 1699 1700 4796
f 4796 1700 1699
v 4.2801 15.7778 0.0500
f 1700 1701 4797
f 4797 1701 1700
v 4.4251 16.0404 0.0500
f 1701 1702 4798
f 4798 1702 1701
v 4.0534 15.5813 0.0500
f 1699 1703 4799
f 4799 1703 1699
v 3.9078 15.8436 0.0500
f 1703 1704 4800
f 4800 1704 1703
v 3.8724 16.1415 0.0500
f 1704 1705 4801
f 4801 1705 1704
v 4.0534 15.5813 0.0500
f 1699 1706 4802
f 4802 1706 1699
v 3.9494 15.8627 0.0500
f 1706 1707 4803
f 4803 1707 1706
v 3.8453 16.1440 0.0500
f 1707 1708 4804
f 4804 1708 1707
v 3.9658 16.4188 0.0500
f 1708 1709 4805
f 4805 1709 1708
v 3.9661 16.7188 0.0500
f 1709 1710 4806
f 4806 1710 1709
v 3.8453 16.1440 0.0500
f 1707 1711 4807
f 4807 1711 1707
v 3.6366 16.3596 0.0500
f 1711 1712 4808
f 4808 1712 1711
v 3.5461 16.6456 0.0500
f 1712 1713 4809
f 4809 1713 1712
v 2.3357 11.3085 0.0500
f 1493 1714 4810
f 4810 1714 1493
v 2.2257 11.5876 0.0500
f 1714 1715 4811
f 4811 1715 1714
v 2.1158 11.8667 0.0500
f 1715 1716 4812
f 4812 1716 1715
v 2.2506 12.1347 0.0500
f 1716 1717 4813
f 4813 1717 1716
v 2.2571 12.4347 0.0500
f 1717 1718 4814
f 4814 1718 1717
v 2.1158 11.8667 0.0500
f 1715 1719 4815
f 4815 1719 1715
v 1.9102 12.0853 0.0500
f 1719 1720 4816
f 4816 1720 1719
v 1.7902 12.3602 0.0500
f 1720 1721 4817
f 4817 1721 1720
v 2.1158 11.8667 0.0500
f 1715 1722 4818
f 4818 1722 1715
v 2.0216 12.1516 0.0500
f 1722 1723 4819
f 4819 1723 1722
v 1.9275 12.4364 0.0500
f 1723 1724 4820
f 4820 1724 1723
v 2.0662 12.7024 0.0500
f 1724 1725 4821
f 4821 1725 1724
v 2.1070 12.9996 0.0500
f 1725 1726 4822
f 4822 1726 1725
v 1.9275 12.4364 0.0500
f 1723 1727 4823
f 4823 1727 1723
v 1.7543 12.6814 0.0500
f 1727 1728 4824
f 4824 1728 1727
v 1.6991 12.9763 0.0500
f 1728 1729 4825
f 4825 1729 1728
v 1.9275 12.4364 0.0500
f 1723 1730 4826
f 4826 1730 1723
v 1.6901 12.6199 0.0500
f 1730 1731 4827
f 4827 1731 1730
v 1.4528 12.8034 0.0500
f 1731 1732 4828
f 4828 1732 1731
v 1.3817 13.0949 0.0500
f 1732 1733 4829
f 4829 1733 1732
v 1.2251 13.3507 0.0500
f 1733 1734 4830
f 4830 1734 1733
v 1.4528 12.8034 0.0500
f 1731 1735 4831
f 4831 1735 1731
v 1.1619 12.8769 0.0500
f 1735 1736 4832
f 4832 1736 1735
v 0.9302 13.0675 0.0500
f 1736 1737 4833
f 4833 1737 1736
v 1.4528 12.8034 0.0500
f 1731 1738 4834
f 4834 1738 1731
v 1.2907 13.0558 0.0500
f 1738 1739 4835
f 4835 1739 1738
v 1.1286 13.3083 0.0500
f 1739 1740 4836
f 4836 1740 1739
v 0.8338 13.3640 0.0500
f 1740 1741 4837
f 4837 1741 1740
v 0.5969 13.5480 0.0500
f 1741 1742 4838
f 4838 1742 1741
v 1.1286 13.3083 0.0500
f 1739 1743 4839
f 4839 1743 1739
v 1.1289 13.6083 0.0500
f 1743 1744 4840
f 4840 1744 1743
v 1.0185 13.8872 0.0500
f 1744 1745 4841
f 4841 1745 1744
v 1.9275 12.4364 0.0500
f 1723 1746 4842
f 4842 1746 1723
v 1.9833 12.7312 0.0500
f 1746 1747 4843
f 4843 1747 1746
v 2.0391 13.0260 0.0500
f 1747 1748 4844
f 4844 1748 1747
v 1.8625 13.2685 0.0500
f 1748 1749 4845
f 4845 1749 1748
v 1.7682 13.5533 0.0500
f 1749 1750 4846
f 4846 1750 1749
v 2.0391 13.0260 0.0500
f 1747 1751 4847
f 4847 1751 1747
v 2.2171 13.2675 0.0500
f 1751 1752 4848
f 4848 1752 1751
v 2.2903 13.5584 0.0500
f 1752 1753 4849
f 4849 1753 1752
v 2.0391 13.0260 0.0500
f 1747 1754 4850
f 4850 1754 1747
v 2.0228 13.3255 0.0500
f 1754 1755 4851
f 4851 1755 1754
v 2.0064 13.6251 0.0500
f 1755 1756 4852
f 4852 1756 1755
v 2.2077 13.8476 0.0500
f 1756 1757 4853
f 4853 1757 1756
v 2.3097 14.1297 0.0500
f 1757 1758 4854
f 4854 1758 1757
v 2.0064 13.6251 0.0500
f 1755 1759 4855
f 4855 1759 1755
v 1.9048 13.9073 0.0500
f 1759 1760 4856
f 4856 1760 1759
v 1.9205 14.2069 0.0500
f 1760 1761 4857
f 4857 1761 1760
v 1.9275 12.4364 0.0500
f 1723 1762 4858
f 4858 1762 1723
v 1.9412 12.7361 0.0500
f 1762 1763 4859
f 4859 1763 1762
v 1.9549 13.0358 0.0500
f 1763 1764 4860
f 4860 1764 1763
v 1.7582 13.2623 0.0500
f 1764 1765 4861
f 4861 1765 1764
v 1.6634 13.5469 0.0500
f 1765 1766 4862
f 4862 1766 1765
v 1.9549 13.0358 0.0500
f 1763 1767 4863
f 4863 1767 1763
v 2.0599 13.3169 0.0500
f 1767 1768 4864
f 4864 1768 1767
v 2.0693 13.6167 0.0500
f 1768 1769 4865
f 4865 1769 1768
v 1.9549 13.0358 0.0500
f 1763 1770 4866
f 4866 1770 1763
v 1.9683 13.3355 0.0500
f 1770 1771 4867
f 4867 1771 1770
v 1.9816 13.6352 0.0500
f 1771 1772 4868
f 4868 1772 1771
v 1.7985 13.8729 0.0500
f 1772 1773 4869
f 4869 1773 1772
v 1.9816 13.6352 0.0500
f 1771 1774 4870
f 4870 1774 1771
v 2.1332 13.8941 0.0500
f 1774 1775 4871
f 4871 1775 1774
v 1.9816 13.6352 0.0500
f 1771 1776 4872
f 4872 1776 1771
v 2.2051 13.8354 0.0500
f 1776 1777 4873
f 4873 1777 1776
v 2.4285 14.0356 0.0500
f 1777 1778 4874
f 4874 1778 1777
v 2.7261 13.9978 0.0500
f 1778 1779 4875
f 4875 1779 1778
v 3.0158 14.0758 0.0500
f 1779 1780 4876
f 4876 1780 1779
v 2.4285 14.0356 0.0500
f 1777 1781 4877
f 4877 1781 1777
v 2.5810 14.2940 0.0500
f 1781 1782 4878
f 4878 1782 1781
v 2.8125 14.4847 0.0500
f 1782 1783 4879
f 4879 1783 1782
v 2.4285 14.0356 0.0500
f 1777 1784 4880
f 4880 1784 1777
v 2.5639 14.3033 0.0500
f 1784 1785 4881
f 4881 1785 1784
v 2.6994 14.5710 0.0500
f 1785 1786 4882
f 4882 1786 1785
v 2.5896 14.8502 0.0500
f 1786 1787 4883
f 4883 1787 1786
v 2.6010 15.1500 0.0500
f 1787 1788 4884
f 4884 1788 1787
v 2.6994 14.5710 0.0500
f 1785 1789 4885
f 4885 1789 1785
v 2.9286 14.7645 0.0500
f 1789 1790 4886
f 4886 1790 1789
v 3.0847 15.0207 0.0500
f 1790 1791 4887
f 4887 1791 1790
v 2.6994 14.5710 0.0500
f 1785 1792 4888
f 4888 1792 1785
v 2.7033 14.8709 0.0500
f 1792 1793 4889
f 4889 1793 1792
v 2.7072 15.1709 0.0500
f 1793 1794 4890
f 4890 1794 1793
v 2.4645 15.3473 0.0500
f 1794 1795 4891
f 4891 1795 1794
v 2.2988 15.5974 0.0500
f 1795 1796 4892
f 4892 1796 1795
v 2.7072 15.1709 0.0500
f 1793 1797 4893
f 4893 1797 1793
v 2.8169 15.4501 0.0500
f 1797 1798 4894
f 4894 1798 1797
v 2.8366 15.7495 0.0500
f 1798 1799 4895
f 4895 1799 1798
v 1.9816 13.6352 0.0500
f 1771 1800 4896
f 4896 1800 1771
v 1.8667 13.9123 0.0500
f 1800 1801 4897
f 4897 1801 1800
v 1.7517 14.1894 0.0500
f 1801 1802 4898
f 4898 1802 1801
v 1.4817 14.3201 0.0500
f 1802 1803 4899
f 4899 1803 1802
v 1.7517 14.1894 0.0500
f 1801 1804 4900
f 4900 1804 1801
v 1.7694 14.4889 0.0500
f 1804 1805 4901
f 4901 1805 1804
v 1.7517 14.1894 0.0500
f 1801 1806 4902
f 4902 1806 1801
v 1.7758 14.4884 0.0500
f 1806 1807 4903
f 4903 1807 1806
v 1.7999 14.7875 0.0500
f 1807 1808 4904
f 4904 1808 1807
v 1.5973 15.0087 0.0500
f 1808 1809 4905
f 4905 1809 1808
v 1.7999 14.7875 0.0500
f 1807 1810 4906
f 4906 1810 1807
v 1.9378 15.0539 0.0500
f 1810 1811 4907
f 4907 1811 1810
v 1.7999 14.7875 0.0500
f 1807 1812 4908
f 4908 1812 1807
v 1.9514 15.0464 0.0500
f 1812 1813 4909
f 4909 1813 1812
v 2.1029 15.3053 0.0500
f 1813 1814 4910
f 4910 1814 1813
v 2.3870 15.4017 0.0500
f 1814 1815 4911
f 4911 1815 1814
v 2.6230 15.5869 0.0500
f 1815 1816 4912
f 4912 1816 1815
v 2.1029 15.3053 0.0500
f 1813 1817 4913
f 4913 1817 1813
v 2.1262 15.6044 0.0500
f 1817 1818 4914
f 4914 1818 1817
v 2.2477 15.8787 0.0500
f 1818 1819 4915
f 4915 1819 1818
v 1.9816 13.6352 0.0500
f 1771 1820 4916
f 4916 1820 1771
v 2.1185 13.9022 0.0500
f 1820 1821 4917
f 4917 1821 1820
v 2.2553 14.1692 0.0500
f 1821 1822 4918
f 4918 1822 1821
v 2.1725 14.4575 0.0500
f 1822 1823 4919
f 4919 1823 1822
v 2.1822 14.7574 0.0500
f 1823 1824 4920
f 4920 1824 1823
v 2.2553 14.1692 0.0500
f 1821 1825 4921
f 4921 1825 1821
v 2.4880 14.3585 0.0500
f 1825 1826 4922
f 4922 1826 1825
v 2.6259 14.6249 0.0500
f 1826 1827 4923
f 4923 1827 1826
v 2.2553 14.1692 0.0500
f 1821 1828 4924
f 4924 1828 1821
v 2.3850 14.4397 0.0500
f 1828 1829 4925
f 4925 1829 1828
v 2.5147 14.7102 0.0500
f 1829 1830 4926
f 4926 1830 1829
v 2.7877 14.8347 0.0500
f 1830 1831 4927
f 4927 1831 1830
v 3.0104 15.0357 0.0500
f 1831 1832 4928
f 4928 1832 1831
v 2.5147 14.7102 0.0500
f 1829 1833 4929
f 4929 1833 1829
v 2.5417 15.0090 0.0500
f 1833 1834 4930
f 4930 1834 1833
v 2.6610 15.2842 0.0500
f 1834 1835 4931
f 4931 1835 1834
v 2.5147 14.7102 0.0500
f 1829 1836 4932
f 4932 1836 1829
v 2.3763 14.9763 0.0500
f 1836 1837 4933
f 4933 1837 1836
v 2.2379 15.2425 0.0500
f 1837 1838 4934
f 4934 1838 1837
v 1.9670 15.3715 0.0500
f 1838 1839 4935
f 4935 1839 1838
v 1.7501 15.5787 0.0500
f 1839 1840 4936
f 4936 1840 1839
v 2.2379 15.2425 0.0500
f 1837 1841 4937
f 4937 1841 1837
v 2.2367 15.5425 0.0500
f 1841 1842 4938
f 4938 1842 1841
v 2.1128 15.8157 0.0500
f 1842 1843 4939
f 4939 1843 1842
v 2.2379 15.2425 0.0500
f 1837 1844 4940
f 4940 1844 1837
v 2.2308 15.5424 0.0500
f 1844 1845 4941
f 4941 1845 1844
v 2.2237 15.8423 0.0500
f 1845 1846 4942
f 4942 1846 1845
v 2.4095 16.0778 0.0500
f 1846 1847 4943
f 4943 1847 1846
v 2.4924 16.3661 0.0500
f 1847 1848 4944
f 4944 1848 1847
v 2.2237 15.8423 0.0500
f 1845 1849 4945
f 4945 1849 1845
v 2.0798 16.1056 0.0500
f 1849 1850 4946
f 4946 1850 1849
v 2.0591 16.4048 0.0500
f 1850 1851 4947
f 4947 1851 1850
v 2.2237 15.8423 0.0500
f 1845 1852 4948
f 4948 1852 1845
v 2.2998 16.1325 0.0500
f 1852 1853 4949
f 4949 1853 1852
v 2.3758 16.4227 0.0500
f 1853 1854 4950
f 4950 1854 1853
v 2.2437 16.6920 0.0500
f 1854 1855 4951
f 4951 1855 1854
v 2.3758 16.4227 0.0500
f 1853 1856 4952
f 4952 1856 1853
v 2.5646 16.6558 0.0500
f 1856 1857 4953
f 4953 1857 1856
v 2.5147 14.7102 0.0500
f 1829 1858 4954
f 4954 1858 1829
v 2.7300 14.9191 0.0500
f 1858 1859 4955
f 4955 1859 1858
v 2.9454 15.1280 0.0500
f 1859 1860 4956
f 4956 1860 1859
v 2.9541 15.4279 0.0500
f 1860 1861 4957
f 4957 1861 1860
v 2.9454 15.1280 0.0500
f 1859 1862 4958
f 4958 1862 1859
v 3.2067 15.2753 0.0500
f 1862 1863 4959
f 4959 1863 1862
v 2.9454 15.1280 0.0500
f 1859 1864 4960
f 4960 1864 1859
v 3.0708 15.4005 0.0500
f 1864 1865 4961
f 4961 1865 1864
v 3.1963 15.6730 0.0500
f 1865 1866 4962
f 4962 1866 1865
v 3.4820 15.7645 0.0500
f 1866 1867 4963
f 4963 1867 1866
v 3.7002 15.9703 0.0500
f 1867 1868 4964
f 4964 1868 1867
v 3.1963 15.6730 0.0500
f 1865 1869 4965
f 4965 1869 1865
v 3.2112 15.9726 0.0500
f 1869 1870 4966
f 4966 1870 1869
v 3.3296 16.2483 0.0500
f 1870 1871 4967
f 4967 1871 1870
v 3.1963 15.6730 0.0500
f 1865 1872 4968
f 4968 1872 1865
v 3.2365 15.9703 0.0500
f 1872 1873 4969
f 4969 1873 1872
v 3.2767 16.2676 0.0500
f 1873 1874 4970
f 4970 1874 1873
v 3.0744 16.4891 0.0500
f 1874 1875 4971
f 4971 1875 1874
v 2.9764 16.7727 0.0500
f 1875 1876 4972
f 4972 1876 1875
v 3.2767 16.2676 0.0500
f 1873 1877 4973
f 4973 1877 1873
v 3.4497 16.5126 0.0500
f 1877 1878 4974
f 4974 1878 1877
v 3.5226 16.8036 0.0500
f 1878 1879 4975
f 4975 1879 1878
v -0.1926 4.7704 0.0500
f 349 1880 4976
f 4976 1880 349
v -0.3988 4.9883 0.0500
f 1880 1881 4977
f 4977 1881 1880
v -0.6051 5.2062 0.0500
f 1881 1882 4978
f 4978 1882 1881
v -0.9050 5.2020 0.0500
f 1882 1883 4979
f 4979 1883 1882
v -0.6051 5.2062 0.0500
f 1881 1884 4980
f 4980 1884 1881
v -0.6831 5.4958 0.0500
f 1884 1885 4981
f 4981 1885 1884
v -0.6051 5.2062 0.0500
f 1881 1886 4982
f 4982 1886 1881
v -0.8064 5.4286 0.0500
f 1886 1887 4983
f 4983 1887 1886
v -1.0077 5.6510 0.0500
f 1887 1888 4984
f 4984 1888 1887
v -0.9766 5.9494 0.0500
f 1888 1889 4985
f 4985 1889 1888
v -1.0557 6.2388 0.0500
f 1889 1890 4986
f 4986 1890 1889
v -1.0077 5.6510 0.0500
f 1887 1891 4987
f 4987 1891 1887
v -1.2840 5.7679 0.0500
f 1891 1892 4988
f 4988 1892 1891
v -1.4899 5.9861 0.0500
f 1892 1893 4989
f 4989 1893 1892
v -1.0077 5.6510 0.0500
f 1887 1894 4990
f 4990 1894 1887
v -1.0298 5.9502 0.0500
f 1894 1895 4991
f 4991 1895 1894
v -1.0519 6.2494 0.0500
f 1895 1896 4992
f 4992 1896 1895
v -1.2956 6.4244 0.0500
f 1896 1897 4993
f 4993 1897 1896
v -1.0519 6.2494 0.0500
f 1895 1898 4994
f 4994 1898 1895
v -1.0122 6.5468 0.0500
f 1898 1899 4995
f 4995 1899 1898
v -1.0519 6.2494 0.0500
f 1895 1900 4996
f 4996 1900 1895
v -1.2039 6.5080 0.0500
f 1900 1901 4997
f 4997 1901 1900
v -1.3558 6.7667 0.0500
f 1901 1902 4998
f 4998 1902 1901
v -1.2782 7.0565 0.0500
f 1902 1903 4999
f 4999 1903 1902
v -1.2957 7.3560 0.0500
f 1903 1904 5000
f 5000 1904 1903
v -1.3558 6.7667 0.0500
f 1901 1905 5001
f 5001 1905 1901
v -1.6027 6.9371 0.0500
f 1905 1906 5002
f 5002 1906 1905
v -1.7518 7.1974 0.0500
f 1906 1907 5003
f 5003 1907 1906
v -1.3558 6.7667 0.0500
f 1901 1908 5004
f 5004 1908 1901
v -1.5995 6.9417 0.0500
f 1908 1909 5005
f 5005 1909 1908
v -1.8432 7.1167 0.0500
f 1909 1910 5006
f 5006 1910 1909
v -1.9136 7.4083 0.0500
f 1910 1911 5007
f 5007 1911 1910
v -2.0710 7.6637 0.0500
f 1911 1912 5008
f 5008 1912 1911
v -1.8432 7.1167 0.0500
f 1909 1913 5009
f 5009 1913 1909
v -2.1308 7.2021 0.0500
f 1913 1914 5010
f 5010 1914 1913
v -2.3688 7.3847 0.0500
f 1914 1915 5011
f 5011 1915 1914
v -1.0077 5.6510 0.0500
f 1887 1916 5012
f 5012 1916 1887
v -1.2939 5.7409 0.0500
f 1916 1917 5013
f 5013 1917 1916
v -1.5801 5.8308 0.0500
f 1917 1918 5014
f 5014 1918 1917
v -1.7109 6.1008 0.0500
f 1918 1919 5015
f 5015 1919 1918
v -1.9187 6.3171 0.0500
f 1919 1920 5016
f 5016 1920 1919
v -1.5801 5.8308 0.0500
f 1917 1921 5017
f 5017 1921 1917
v -1.8777 5.7926 0.0500
f 1921 1922 5018
f 5018 1922 1921
v -2.1608 5.8920 0.0500
f 1922 1923 5019
f 5019 1923 1922
v -1.5801 5.8308 0.0500
f 1917 1924 5020
f 5020 1924 1917
v -1.8053 6.0291 0.0500
f 1924 1925 5021
f 5021 1925 1924
v -2.0304 6.2273 0.0500
f 1925 1926 5022
f 5022 1926 1925
v -2.0378 6.5272 0.0500
f 1926 1927 5023
f 5023 1927 1926
v -2.1361 6.8107 0.0500
f 1927 1928 5024
f 5024 1928 1927
v -2.0304 6.2273 0.0500
f 1925 1929 5025
f 5025 1929 1925
v -2.3109 6.3339 0.0500
f 1929 1930 5026
f 5026 1930 1929
v -2.5170 6.5518 0.0500
f 1930 1931 5027
f 5027 1931 1930
v -2.0304 6.2273 0.0500
f 1925 1932 5028
f 5028 1932 1925
v -2.1459 6.5042 0.0500
f 1932 1933 5029
f 5029 1933 1932
v -2.2613 6.7811 0.0500
f 1933 1934 5030
f 5030 1934 1933
v -2.5357 6.9025 0.0500
f 1934 1935 5031
f 5031 1935 1934
v -2.7532 7.1090 0.0500
f 1935 1936 5032
f 5032 1936 1935
v -2.2613 6.7811 0.0500
f 1933 1937 5033
f 5033 1937 1933
v -2.2208 7.0784 0.0500
f 1937 1938 5034
f 5034 1938 1937
v -2.3116 7.3643 0.0500
f 1938 1939 5035
f 5035 1939 1938
v -1.0077 5.6510 0.0500
f 1887 1940 5036
f 5036 1940 1887
v -1.2505 5.8273 0.0500
f 1940 1941 5037
f 5037 1941 1940
v -1.4932 6.0035 0.0500
f 1941 1942 5038
f 5038 1942 1941
v -1.7913 5.9696 0.0500
f 1942 1943 5039
f 5039 1943 1942
v -1.4932 6.0035 0.0500
f 1941 1944 5040
f 5040 1944 1941
v -1.6395 6.2654 0.0500
f 1944 1945 5041
f 5041 1945 1944
v -1.4932 6.0035 0.0500
f 1941 1946 5042
f 5042 1946 1941
v -1.7315 6.1858 0.0500
f 1946 1947 5043
f 5043 1947 1946
v -1.9698 6.3680 0.0500
f 1947 1948 5044
f 5044 1948 1947
v -1.9898 6.6674 0.0500
f 1948 1949 5045
f 5045 1949 1948
v -2.1454 6.9238 0.0500
f 1949 1950 5046
f 5046 1950 1949
v -1.9698 6.3680 0.0500
f 1947 1951 5047
f 5047 1951 1947
v -2.2499 6.4754 0.0500
f 1951 1952 5048
f 5048 1952 1951
v -2.4795 6.6686 0.0500
f 1952 1953 5049
f 5049 1953 1952
v -1.9698 6.3680 0.0500
f 1947 1954 5050
f 5050 1954 1947
v -2.2692 6.3484 0.0500
f 1954 1955 5051
f 5051 1955 1954
v -2.5685 6.3288 0.0500
f 1955 1956 5052
f 5052 1956 1955
v -2.7372 6.0807 0.0500
f 1956 1957 5053
f 5053 1957 1956
v -2.9760 5.8991 0.0500
f 1957 1958 5054
f 5054 1958 1957
v -2.5685 6.3288 0.0500
f 1955 1959 5055
f 5055 1959 1955
v -2.8573 6.4100 0.0500
f 1959 1960 5056
f 5056 1960 1959
v -3.1564 6.3868 0.0500
f 1960 1961 5057
f 5057 1961 1960
v -2.5685 6.3288 0.0500
f 1955 1962 5058
f 5058 1962 1955
v -2.8506 6.4310 0.0500
f 1962 1963 5059
f 5059 1963 1962
v -3.1326 6.5332 0.0500
f 1963 1964 5060
f 5060 1964 1963
v -3.2357 6.8149 0.0500
f 1964 1965 5061
f 5061 1965 1964
v -3.4250 7.0476 0.0500
f 1965 1966 5062
f 5062 1966 1965
v -3.1326 6.5332 0.0500
f 1963 1967 5063
f 5063 1967 1963
v -3.4326 6.5380 0.0500
f 1967 1968 5064
f 5064 1968 1967
v -3.7073 6.6587 0.0500
f 1968 1969 5065
f 5065 1969 1968
v -1.9698 6.3680 0.0500
f 1947 1970 5066
f 5066 1970 1947
v -2.0895 6.6431 0.0500
f 1970 1971 5067
f 5067 1971 1970
v -2.2091 6.9182 0.0500
f 1971 1972 5068
f 5068 1972 1971
v -2.1229 7.2056 0.0500
f 1972 1973 5069
f 5069 1973 1972
v -2.1510 7.5042 0.0500
f 1973 1974 5070
f 5070 1974 1973
v -2.2091 6.9182 0.0500
f 1971 1975 5071
f 5071 1975 1971
v -2.4139 7.1375 0.0500
f 1975 1976 5072
f 5072 1976 1975
v -2.5329 7.4129 0.0500
f 1976 1977 5073
f 5073 1977 1976
v -2.2091 6.9182 0.0500
f 1971 1978 5074
f 5074 1978 1971
v -2.4238 7.1278 0.0500
f 1978 1979 5075
f 5075 1979 1978
v -2.6385 7.3374 0.0500
f 1979 1980 5076
f 5076 1980 1979
v -2.6606 7.6366 0.0500
f 1980 1981 5077
f 5077 1981 1980
v -2.7719 7.9152 0.0500
f 1981 1982 5078
f 5078 1982 1981
v -2.6385 7.3374 0.0500
f 1979 1983 5079
f 5079 1983 1979
v -2.9166 7.4499 0.0500
f 1983 1984 5080
f 5080 1984 1983
v -3.1288 7.6620 0.0500
f 1984 1985 5081
f 5081 1985 1984
v -1.9698 6.3680 0.0500
f 1947 1986 5082
f 5082 1986 1947
v -2.2652 6.4205 0.0500
f 1986 1987 5083
f 5083 1987 1986
v -2.5606 6.4730 0.0500
f 1987 1988 5084
f 5084 1988 1987
v -2.7362 6.7162 0.0500
f 1988 1989 5085
f 5085 1989 1988
v -2.9849 6.8839 0.0500
f 1989 1990 5086
f 5086 1990 1989
v -2.5606 6.4730 0.0500
f 1987 1991 5087
f 5087 1991 1987
v -2.8474 6.3852 0.0500
f 1991 1992 5088
f 5088 1992 1991
v -3.1471 6.4000 0.0500
f 1992 1993 5089
f 5089 1993 1992
v -2.5606 6.4730 0.0500
f 1987 1994 5090
f 5090 1994 1987
v -2.8599 6.4924 0.0500
f 1994 1995 5091
f 5091 1995 1994
v -3.1593 6.5119 0.0500
f 1995 1996 5092
f 5092 1996 1995
v -3.3874 6.7067 0.0500
f 1996 1997 5093
f 5093 1997 1996
v -3.6772 6.7843 0.0500
f 1997 1998 5094
f 5094 1998 1997
v -3.1593 6.5119 0.0500
f 1995 1999 5095
f 5095 1999 1995
v -3.4425 6.4128 0.0500
f 1999 2000 5096
f 5096 2000 1999
v -3.7423 6.4244 0.0500
f 2000 2001 5097
f 5097 2001 2000
v -3.1593 6.5119 0.0500
f 1995 2002 5098
f 5098 2002 1995
v -3.3582 6.2873 0.0500
f 2002 2003 5099
f 5099 2003 2002
v -3.5571 6.0627 0.0500
f 2003 2004 5100
f 5100 2004 2003
v -3.5803 5.7636 0.0500
f 2004 2005 5101
f 5101 2005 2004
v -3.5571 6.0627 0.0500
f 2003 2006 5102
f 5102 2006 2003
v -3.8299 5.9378 0.0500
f 2006 2007 5103
f 5103 2007 2006
v -3.5571 6.0627 0.0500
f 2003 2008 5104
f 5104 2008 2003
v -3.8307 5.9397 0.0500
f 2008 2009 5105
f 5105 2009 2008
v -4.1043 5.8166 0.0500
f 2009 2010 5106
f 5106 2010 2009
v -4.3939 5.8950 0.0500
f 2010 2011 5107
f 5107 2011 2010
v -4.6912 5.8547 0.0500
f 2011 2012 5108
f 5108 2012 2011
v -4.1043 5.8166 0.0500
f 2009 2013 5109
f 5109 2013 2009
v -4.3175 5.6055 0.0500
f 2013 2014 5110
f 5110 2014 2013
v -4.5950 5.4917 0.0500
f 2014 2015 5111
f 5111 2015 2014
v -3.1593 6.5119 0.0500
f 1995 2016 5112
f 5112 2016 1995
v -3.4372 6.6248 0.0500
f 2016 2017 5113
f 5113 2017 2016
v -3.7152 6.7377 0.0500
f 2017 2018 5114
f 5114 2018 2017
v -3.9880 6.6128 0.0500
f 2018 2019 5115
f 5115 2019 2018
v -3.7152 6.7377 0.0500
f 2017 2020 5116
f 5116 2020 2017
v -3.9098 6.9660 0.0500
f 2020 2021 5117
f 5117 2021 2020
v -3.7152 6.7377 0.0500
f 2017 2022 5118
f 5118 2022 2017
v -4.0151 6.7312 0.0500
f 2022 2023 5119
f 5119 2023 2022
v -4.3150 6.7248 0.0500
f 2023 2024 5120
f 5120 2024 2023
v -4.5293 6.9347 0.0500
f 2024 2025 5121
f 5121 2025 2024
v -4.8034 7.0567 0.0500
f 2025 2026 5122
f 5122 2026 2025
v -4.3150 6.7248 0.0500
f 2023 2027 5123
f 5123 2027 2023
v -4.6000 6.6311 0.0500
f 2027 2028 5124
f 5124 2028 2027
v -4.8974 6.6703 0.0500
f 2028 2029 5125
f 5125 2029 2028
v -3.1593 6.5119 0.0500
f 1995 2030 5126
f 5126 2030 1995
v -3.4493 6.5888 0.0500
f 2030 2031 5127
f 5127 2031 2030
v -3.7392 6.6658 0.0500
f 2031 2032 5128
f 5128 2032 2031
v -3.9917 6.5037 0.0500
f 2032 2033 5129
f 5129 2033 2032
v -3.7392 6.6658 0.0500
f 2031 2034 5130
f 5130 2034 2031
v -3.9634 6.8652 0.0500
f 2034 2035 5131
f 5131 2035 2034
v -3.7392 6.6658 0.0500
f 2031 2036 5132
f 5132 2036 2031
v -4.0232 6.7624 0.0500
f 2036 2037 5133
f 5133 2037 2036
v -4.3072 6.8591 0.0500
f 2037 2038 5134
f 5134 2038 2037
v -4.5758 6.7254 0.0500
f 2038 2039 5135
f 5135 2039 2038
v -4.8757 6.7297 0.0500
f 2039 2040 5136
f 5136 2040 2039
v -4.3072 6.8591 0.0500
f 2037 2041 5137
f 5137 2041 2037
v -4.5407 7.0475 0.0500
f 2041 2042 5138
f 5138 2042 2041
v -4.8291 7.1301 0.0500
f 2042 2043 5139
f 5139 2043 2042
v -4.3072 6.8591 0.0500
f 2037 2044 5140
f 5140 2044 2037
v -4.5765 6.7269 0.0500
f 2044 2045 5141
f 5141 2045 2044
v -4.8458 6.5947 0.0500
f 2045 2046 5142
f 5142 2046 2045
v -4.9640 6.3190 0.0500
f 2046 2047 5143
f 5143 2047 2046
v -4.8458 6.5947 0.0500
f 2045 2048 5144
f 5144 2048 2045
v -5.1446 6.6216 0.0500
f 2048 2049 5145
f 5145 2049 2048
v -4.8458 6.5947 0.0500
f 2045 2050 5146
f 5146 2050 2045
v -5.1453 6.6126 0.0500
f 2050 2051 5147
f 5147 2051 2050
v -5.4448 6.6305 0.0500
f 2051 2052 5148
f 5148 2052 2051
v -5.6329 6.8642 0.0500
f 2052 2053 5149
f 5149 2053 2052
v -5.8903 7.0182 0.0500
f 2053 2054 5150
f 5150 2054 2053
v -5.4448 6.6305 0.0500
f 2051 2055 5151
f 5151 2055 2051
v -5.7316 6.5426 0.0500
f 2055 2056 5152
f 5152 2056 2055
v -6.0267 6.5964 0.0500
f 2056 2057 5153
f 5153 2057 2056
v -5.4448 6.6305 0.0500
f 2051 2058 5154
f 5154 2058 2051
v -5.7105 6.7696 0.0500
f 2058 2059 5155
f 5155 2059 2058
v -5.9763 6.9087 0.0500
f 2059 2060 5156
f 5156 2060 2059
v -6.0852 7.1883 0.0500
f 2060 2061 5157
f 5157 2061 2060
v -6.2974 7.4004 0.0500
f 2061 2062 5158
f 5158 2062 2061
v -5.9763 6.9087 0.0500
f 2059 2063 5159
f 5159 2063 2059
v -6.2762 6.8988 0.0500
f 2063 2064 5160
f 5160 2064 2063
v -6.5573 7.0036 0.0500
f 2064 2065 5161
f 5161 2065 2064
v -4.3072 6.8591 0.0500
f 2037 2066 5162
f 5162 2066 2037
v -4.5500 7.0354 0.0500
f 2066 2067 5163
f 5163 2067 2066
v -4.7927 7.2116 0.0500
f 2067 2068 5164
f 5164 2068 2067
v -5.0912 7.1812 0.0500
f 2068 2069 5165
f 5165 2069 2068
v -5.3767 7.2733 0.0500
f 2069 2070 5166
f 5166 2070 2069
v -4.7927 7.2116 0.0500
f 2067 2071 5167
f 5167 2071 2067
v -4.9248 7.4810 0.0500
f 2071 2072 5168
f 5168 2072 2071
v -5.1378 7.6922 0.0500
f 2072 2073 5169
f 5169 2073 2072
v -4.7927 7.2116 0.0500
f 2067 2074 5170
f 5170 2074 2067
v -5.0845 7.2814 0.0500
f 2074 2075 5171
f 5171 2075 2074
v -5.3763 7.3512 0.0500
f 2075 2076 5172
f 5172 2076 2075
v -5.6460 7.2198 0.0500
f 2076 2077 5173
f 5173 2077 2076
v -5.3763 7.3512 0.0500
f 2075 2078 5174
f 5174 2078 2075
v -5.6154 7.5323 0.0500
f 2078 2079 5175
f 5175 2079 2078
v -5.3763 7.3512 0.0500
f 2075 2080 5176
f 5176 2080 2075
v -5.6744 7.3178 0.0500
f 2080 2081 5177
f 5177 2081 2080
v -5.9726 7.2844 0.0500
f 2081 2082 5178
f 5178 2082 2081
v -6.1474 7.0406 0.0500
f 2082 2083 5179
f 5179 2083 2082
v -5.9726 7.2844 0.0500
f 2081 2084 5180
f 5180 2084 2081
v -6.2603 7.3692 0.0500
f 2084 2085 5181
f 5181 2085 2084
v -4.3072 6.8591 0.0500
f 2037 2086 5182
f 5182 2086 2037
v -4.5540 7.0297 0.0500
f 2086 2087 5183
f 5183 2087 2086
v -4.8007 7.2004 0.0500
f 2087 2088 5184
f 5184 2088 2087
v -5.0995 7.1737 0.0500
f 2088 2089 5185
f 5185 2089 2088
v -4.8007 7.2004 0.0500
f 2087 2090 5186
f 5186 2090 2087
v -4.9333 7.4695 0.0500
f 2090 2091 5187
f 5187 2091 2090
v -4.8007 7.2004 0.0500
f 2087 2092 5188
f 5188 2092 2087
v -5.0418 7.3789 0.0500
f 2092 2093 5189
f 5189 2093 2092
v -5.2829 7.5574 0.0500
f 2093 2094 5190
f 5190 2094 2093
v -5.5793 7.5104 0.0500
f 2094 2095 5191
f 5191 2095 2094
v -5.8654 7.6004 0.0500
f 2095 2096 5192
f 5192 2096 2095
v -5.2829 7.5574 0.0500
f 2093 2097 5193
f 5193 2097 2093
v -5.4333 7.8170 0.0500
f 2097 2098 5194
f 5194 2098 2097
v -5.6680 8.0038 0.0500
f 2098 2099 5195
f 5195 2099 2098
v -5.2829 7.5574 0.0500
f 2093 2100 5196
f 5196 2100 2093
v -5.2672 7.8570 0.0500
f 2100 2101 5197
f 5197 2101 2100
v -5.2514 8.1565 0.0500
f 2101 2102 5198
f 5198 2102 2101
v -5.4508 8.3807 0.0500
f 2102 2103 5199
f 5199 2103 2102
v -5.5668 8.6574 0.0500
f 2103 2104 5200
f 5200 2104 2103
v -5.2514 8.1565 0.0500
f 2101 2105 5201
f 5201 2105 2101
v -5.0949 8.4125 0.0500
f 2105 2106 5202
f 5202 2106 2105
v -5.0335 8.7061 0.0500
f 2106 2107 5203
f 5203 2107 2106
v -5.2514 8.1565 0.0500
f 2101 2108 5204
f 5204 2108 2101
v -5.3067 8.4514 0.0500
f 2108 2109 5205
f 5205 2109 2108
v -5.3619 8.7463 0.0500
f 2109 2110 5206
f 5206 2110 2109
v -5.6126 8.9110 0.0500
f 2110 2111 5207
f 5207 2111 2110
v -5.7808 9.1594 0.0500
f 2111 2112 5208
f 5208 2112 2111
v -5.3619 8.7463 0.0500
f 2109 2113 5209
f 5209 2113 2109
v -5.3061 9.0410 0.0500
f 2113 2114 5210
f 5210 2114 2113
v -5.3866 9.3300 0.0500
f 2114 2115 5211
f 5211 2115 2114
v -5.3619 8.7463 0.0500
f 2109 2116 5212
f 5212 2116 2109
v -5.5147 9.0045 0.0500
f 2116 2117 5213
f 5213 2117 2116
v -5.6675 9.2626 0.0500
f 2117 2118 5214
f 5214 2118 2117
v -5.6173 9.5584 0.0500
f 2118 2119 5215
f 5215 2119 2118
v -5.7002 9.8467 0.0500
f 2119 2120 5216
f 5216 2120 2119
v -5.6675 9.2626 0.0500
f 2117 2121 5217
f 5217 2121 2117
v -5.9247 9.4170 0.0500
f 2121 2122 5218
f 5218 2122 2121
v -6.0985 9.6616 0.0500
f 2122 2123 5219
f 5219 2123 2122
v -5.2829 7.5574 0.0500
f 2093 2124 5220
f 5220 2124 2093
v -5.5631 7.6647 0.0500
f 2124 2125 5221
f 5221 2125 2124
v -5.8432 7.7721 0.0500
f 2125 2126 5222
f 5222 2126 2125
v -6.1068 7.6288 0.0500
f 2126 2127 5223
f 5223 2127 2126
v -5.8432 7.7721 0.0500
f 2125 2128 5224
f 5224 2128 2125
v -6.0786 7.9581 0.0500
f 2128 2129 5225
f 5225 2129 2128
v -5.8432 7.7721 0.0500
f 2125 2130 5226
f 5226 2130 2125
v -6.0814 7.9544 0.0500
f 2130 2131 5227
f 5227 2131 2130
v -6.3197 8.1368 0.0500
f 2131 2132 5228
f 5228 2132 2131
v -6.6147 8.0827 0.0500
f 2132 2133 5229
f 5229 2133 2132
v -6.9124 8.1201 0.0500
f 2133 2134 5230
f 5230 2134 2133
v -6.3197 8.1368 0.0500
f 2131 2135 5231
f 5231 2135 2131
v -6.4487 8.4076 0.0500
f 2135 2136 5232
f 5232 2136 2135
v -6.6761 8.6032 0.0500
f 2136 2137 5233
f 5233 2137 2136
v -6.3197 8.1368 0.0500
f 2131 2138 5234
f 5234 2138 2131
v -6.4792 8.3909 0.0500
f 2138 2139 5235
f 5235 2139 2138
v -6.6387 8.6449 0.0500
f 2139 2140 5236
f 5236 2140 2139
v -6.9356 8.6876 0.0500
f 2140 2141 5237
f 5237 2141 2140
v -7.1887 8.8487 0.0500
f 2141 2142 5238
f 5238 2142 2141
v -6.6387 8.6449 0.0500
f 2139 2143 5239
f 5239 2143 2139
v -6.6727 8.9430 0.0500
f 2143 2144 5240
f 5240 2144 2143
v -6.8328 9.1967 0.0500
f 2144 2145 5241
f 5241 2145 2144
v -1.9698 6.3680 0.0500
f 1947 2146 5242
f 5242 2146 1947
v -2.0309 6.6617 0.0500
f 2146 2147 5243
f 5243 2147 2146
v -2.0920 6.9555 0.0500
f 2147 2148 5244
f 5244 2148 2147
v -2.3226 7.1474 0.0500
f 2148 2149 5245
f 5245 2149 2148
v -2.4606 7.4138 0.0500
f 2149 2150 5246
f 5246 2150 2149
v -2.0920 6.9555 0.0500
f 2147 2151 5247
f 5247 2151 2147
v -2.0074 7.2433 0.0500
f 2151 2152 5248
f 5248 2152 2151
v -2.0458 7.5408 0.0500
f 2152 2153 5249
f 5249 2153 2152
v -2.0920 6.9555 0.0500
f 2147 2154 5250
f 5250 2154 2147
v -2.1398 7.2516 0.0500
f 2154 2155 5251
f 5251 2155 2154
v -2.1876 7.5478 0.0500
f 2155 2156 5252
f 5252 2156 2155
v -2.4477 7.6973 0.0500
f 2156 2157 5253
f 5253 2157 2156
v -2.6270 7.9379 0.0500
f 2157 2158 5254
f 5254 2158 2157
v -2.1876 7.5478 0.0500
f 2155 2159 5255
f 5255 2159 2155
v -2.1051 7.8362 0.0500
f 2159 2160 5256
f 5256 2160 2159
v -2.1596 8.1312 0.0500
f 2160 2161 5257
f 5257 2161 2160
v -2.1876 7.5478 0.0500
f 2155 2162 5258
f 5258 2162 2155
v -2.4449 7.7021 0.0500
f 2162 2163 5259
f 5259 2163 2162
v -2.7021 7.8565 0.0500
f 2163 2164 5260
f 5260 2164 2163
v -2.9934 7.7845 0.0500
f 2164 2165 5261
f 5261 2165 2164
v -2.7021 7.8565 0.0500
f 2163 2166 5262
f 5262 2166 2163
v -2.8485 8.1184 0.0500
f 2166 2167 5263
f 5263 2167 2166
v -2.7021 7.8565 0.0500
f 2163 2168 5264
f 5264 2168 2163
v -2.8746 8.1020 0.0500
f 2168 2169 5265
f 5265 2169 2168
v -3.0471 8.3474 0.0500
f 2169 2170 5266
f 5266 2170 2169
v -3.3467 8.3615 0.0500
f 2170 2171 5267
f 5267 2171 2170
v -3.6076 8.5097 0.0500
f 2171 2172 5268
f 5268 2172 2171
v -3.0471 8.3474 0.0500
f 2169 2173 5269
f 5269 2173 2169
v -3.1536 8.6279 0.0500
f 2173 2174 5270
f 5270 2174 2173
v -3.3758 8.8294 0.0500
f 2174 2175 5271
f 5271 2175 2174
v -2.1876 7.5478 0.0500
f 2155 2176 5272
f 5272 2176 2155
v -2.1513 7.8456 0.0500
f 2176 2177 5273
f 5273 2177 2176
v -2.1150 8.1434 0.0500
f 2177 2178 5274
f 5274 2178 2177
v -2.3161 8.3660 0.0500
f 2178 2179 5275
f 5275 2179 2178
v -2.4006 8.6539 0.0500
f 2179 2180 5276
f 5276 2180 2179
v -2.1150 8.1434 0.0500
f 2177 2181 5277
f 5277 2181 2177
v -1.9690 8.4054 0.0500
f 2181 2182 5278
f 5278 2182 2181
v -1.9154 8.7006 0.0500
f 2182 2183 5279
f 5279 2183 2182
v -2.1150 8.1434 0.0500
f 2177 2184 5280
f 5280 2184 2177
v -2.1674 8.4388 0.0500
f 2184 2185 5281
f 5281 2185 2184
v -2.2197 8.7342 0.0500
f 2185 2186 5282
f 5282 2186 2185
v -2.4613 8.9121 0.0500
f 2186 2187 5283
f 5283 2187 2186
v -2.2197 8.7342 0.0500
f 2185 2188 5284
f 5284 2188 2185
v -2.1562 9.0274 0.0500
f 2188 2189 5285
f 5285 2189 2188
v -2.1876 7.5478 0.0500
f 2155 2190 5286
f 5286 2190 2155
v -2.3825 7.7759 0.0500
f 2190 2191 5287
f 5287 2191 2190
v -2.5774 8.0040 0.0500
f 2191 2192 5288
f 5288 2192 2191
v -2.8774 8.0040 0.0500
f 2192 2193 5289
f 5289 2193 2192
v -2.5774 8.0040 0.0500
f 2191 2194 5290
f 5290 2194 2191
v -2.7002 8.2777 0.0500
f 2194 2195 5291
f 5291 2195 2194
v -2.5774 8.0040 0.0500
f 2191 2196 5292
f 5292 2196 2191
v -2.7951 8.2104 0.0500
f 2196 2197 5293
f 5293 2197 2196
v -3.0128 8.4168 0.0500
f 2197 2198 5294
f 5294 2198 2197
v -3.3127 8.4105 0.0500
f 2198 2199 5295
f 5295 2199 2198
v -3.0128 8.4168 0.0500
f 2197 2200 5296
f 5296 2200 2197
v -3.1707 8.6718 0.0500
f 2200 2201 5297
f 5297 2201 2200
v -3.0128 8.4168 0.0500
f 2197 2202 5298
f 5298 2202 2197
v -3.0457 8.7150 0.0500
f 2202 2203 5299
f 5299 2203 2202
v -3.0786 9.0131 0.0500
f 2203 2204 5300
f 5300 2204 2203
v -2.8885 9.2453 0.0500
f 2204 2205 5301
f 5301 2205 2204
v -2.8264 9.5388 0.0500
f 2205 2206 5302
f 5302 2206 2205
v -3.0786 9.0131 0.0500
f 2203 2207 5303
f 5303 2207 2203
v -3.2632 9.2496 0.0500
f 2207 2208 5304
f 5304 2208 2207
v -3.3345 9.5410 0.0500
f 2208 2209 5305
f 5305 2209 2208
v -3.0786 9.0131 0.0500
f 2203 2210 5306
f 5306 2210 2203
v -3.2549 9.2558 0.0500
f 2210 2211 5307
f 5307 2211 2210
v -3.4313 9.4985 0.0500
f 2211 2212 5308
f 5308 2212 2211
v -3.7288 9.5373 0.0500
f 2212 2213 5309
f 5309 2213 2212
v -3.4313 9.4985 0.0500
f 2211 2214 5310
f 5310 2214 2211
v -3.4964 9.7914 0.0500
f 2214 2215 5311
f 5311 2215 2214
v -3.4313 9.4985 0.0500
f 2211 2216 5312
f 5312 2216 2211
v -3.6812 9.6645 0.0500
f 2216 2217 5313
f 5313 2217 2216
v -3.9311 9.8304 0.0500
f 2217 2218 5314
f 5314 2218 2217
v -4.2197 9.7485 0.0500
f 2218 2219 5315
f 5315 2219 2218
v -3.9311 9.8304 0.0500
f 2217 2220 5316
f 5316 2220 2217
v -4.1162 10.0665 0.0500
f 2220 2221 5317
f 5317 2221 2220
v -3.0128 8.4168 0.0500
f 2197 2222 5318
f 5318 2222 2197
v -3.3002 8.5028 0.0500
f 2222 2223 5319
f 5319 2223 2222
v -3.5876 8.5889 0.0500
f 2223 2224 5320
f 5320 2224 2223
v -3.7556 8.8374 0.0500
f 2224 2225 5321
f 5321 2225 2224
v -4.0021 9.0085 0.0500
f 2225 2226 5322
f 5322 2226 2225
v -3.5876 8.5889 0.0500
f 2223 2227 5323
f 5323 2227 2223
v -3.8819 8.5306 0.0500
f 2227 2228 5324
f 5324 2228 2227
v -4.1760 8.5896 0.0500
f 2228 2229 5325
f 5325 2229 2228
v -3.5876 8.5889 0.0500
f 2223 2230 5326
f 5326 2230 2223
v -3.8255 8.7716 0.0500
f 2230 2231 5327
f 5327 2231 2230
v -4.0634 8.9544 0.0500
f 2231 2232 5328
f 5328 2232 2231
v -4.3592 8.9045 0.0500
f 2232 2233 5329
f 5329 2233 2232
v -4.0634 8.9544 0.0500
f 2231 2234 5330
f 5330 2234 2231
v -4.2197 9.2105 0.0500
f 2234 2235 5331
f 5331 2235 2234
v -4.0634 8.9544 0.0500
f 2231 2236 5332
f 5332 2236 2231
v -4.2433 9.1945 0.0500
f 2236 2237 5333
f 5333 2237 2236
v -4.4231 9.4347 0.0500
f 2237 2238 5334
f 5334 2238 2237
v -4.4172 9.7346 0.0500
f 2238 2239 5335
f 5335 2239 2238
v -4.5492 10.0040 0.0500
f 2239 2240 5336
f 5336 2240 2239
v -4.4231 9.4347 0.0500
f 2237 2241 5337
f 5337 2241 2237
v -4.6787 9.5917 0.0500
f 2241 2242 5338
f 5338 2242 2241
v -4.8602 9.8306 0.0500
f 2242 2243 5339
f 5339 2243 2242
v -3.0128 8.4168 0.0500
f 2197 2244 5340
f 5340 2244 2197
v -3.2977 8.5108 0.0500
f 2244 2245 5341
f 5341 2245 2244
v -3.5826 8.6048 0.0500
f 2245 2246 5342
f 5342 2246 2245
v -3.8443 8.4581 0.0500
f 2246 2247 5343
f 5343 2247 2246
v -3.5826 8.6048 0.0500
f 2245 2248 5344
f 5344 2248 2245
v -3.8122 8.7978 0.0500
f 2248 2249 5345
f 5345 2249 2248
v -3.5826 8.6048 0.0500
f 2245 2250 5346
f 5346 2250 2245
v -3.8632 8.7110 0.0500
f 2250 2251 5347
f 5347 2251 2250
v -4.1437 8.8172 0.0500
f 2251 2252 5348
f 5348 2252 2251
v -4.4057 8.6710 0.0500
f 2252 2253 5349
f 5349 2253 2252
v -4.1437 8.8172 0.0500
f 2251 2254 5350
f 5350 2254 2251
v -4.3646 9.0202 0.0500
f 2254 2255 5351
f 5351 2255 2254
v -4.1437 8.8172 0.0500
f 2251 2256 5352
f 5352 2256 2251
v -4.2726 9.0881 0.0500
f 2256 2257 5353
f 5353 2257 2256
v -4.4014 9.3590 0.0500
f 2257 2258 5354
f 5354 2258 2257
v -4.6908 9.4382 0.0500
f 2258 2259 5355
f 5355 2259 2258
v -4.4014 9.3590 0.0500
f 2257 2260 5356
f 5356 2260 2257
v -4.4528 9.6546 0.0500
f 2260 2261 5357
f 5357 2261 2260
v -4.4014 9.3590 0.0500
f 2257 2262 5358
f 5358 2262 2257
v -4.6404 9.5403 0.0500
f 2262 2263 5359
f 5359 2263 2262
v -4.8795 9.7216 0.0500
f 2263 2264 5360
f 5360 2264 2263
v -4.9006 10.0209 0.0500
f 2264 2265 5361
f 5361 2265 2264
v -5.0202 10.2960 0.0500
f 2265 2266 5362
f 5362 2266 2265
v -4.8795 9.7216 0.0500
f 2263 2267 5363
f 5363 2267 2263
v -5.1679 9.8041 0.0500
f 2267 2268 5364
f 5364 2268 2267
v -5.4093 9.9821 0.0500
f 2268 2269 5365
f 5365 2269 2268
v -4.8795 9.7216 0.0500
f 2263 2270 5366
f 5366 2270 2263
v -5.1650 9.8137 0.0500
f 2270 2271 5367
f 5367 2271 2270
v -5.4505 9.9058 0.0500
f 2271 2272 5368
f 5368 2272 2271
v -5.7100 9.7553 0.0500
f 2272 2273 5369
f 5369 2273 2272
v -5.4505 9.9058 0.0500
f 2271 2274 5370
f 5370 2274 2271
v -5.6907 10.0855 0.0500
f 2274 2275 5371
f 5371 2275 2274
v -4.1437 8.8172 0.0500
f 2251 2276 5372
f 5372 2276 2251
v -4.4407 8.7747 0.0500
f 2276 2277 5373
f 5373 2277 2276
v -4.7377 8.7322 0.0500
f 2277 2278 5374
f 5374 2278 2277
v -4.8970 8.4781 0.0500
f 2278 2279 5375
f 5375 2279 2278
v -5.1493 8.3157 0.0500
f 2279 2280 5376
f 5376 2280 2279
v -4.7377 8.7322 0.0500
f 2277 2281 5377
f 5377 2281 2277
v -5.0310 8.7954 0.0500
f 2281 2282 5378
f 5378 2282 2281
v -5.3280 8.7535 0.0500
f 2282 2283 5379
f 5379 2283 2282
v -4.7377 8.7322 0.0500
f 2277 2284 5380
f 5380 2284 2277
v -5.0276 8.8093 0.0500
f 2284 2285 5381
f 5381 2285 2284
v -5.3176 8.8864 0.0500
f 2285 2286 5382
f 5382 2286 2285
v -5.4983 9.1258 0.0500
f 2286 2287 5383
f 5383 2287 2286
v -5.7496 9.2897 0.0500
f 2287 2288 5384
f 5384 2288 2287
v -5.3176 8.8864 0.0500
f 2285 2289 5385
f 5385 2289 2285
v -5.6128 8.8334 0.0500
f 2289 2290 5386
f 5386 2290 2289
v -5.9054 8.8996 0.0500
f 2290 2291 5387
f 5387 2291 2290
v -5.3176 8.8864 0.0500
f 2285 2292 5388
f 5388 2292 2285
v -5.5620 9.0604 0.0500
f 2292 2293 5389
f 5389 2293 2292
v -5.8064 9.2344 0.0500
f 2293 2294 5390
f 5390 2294 2293
v -6.1031 9.1906 0.0500
f 2294 2295 5391
f 5391 2295 2294
v -5.8064 9.2344 0.0500
f 2293 2296 5392
f 5392 2296 2293
v -5.9160 9.5136 0.0500
f 2296 2297 5393
f 5393 2297 2296
v -1.9698 6.3680 0.0500
f 1947 2298 5394
f 5394 2298 1947
v -2.0275 6.6624 0.0500
f 2298 2299 5395
f 5395 2299 2298
v -2.0852 6.9568 0.0500
f 2299 2300 5396
f 5396 2300 2299
v -2.3195 7.1442 0.0500
f 2300 2301 5397
f 5397 2301 2300
v -2.4562 7.4112 0.0500
f 2301 2302 5398
f 5398 2302 2301
v -2.0852 6.9568 0.0500
f 2299 2303 5399
f 5399 2303 2299
v -1.9894 7.2412 0.0500
f 2303 2304 5400
f 5400 2304 2303
v -1.9907 7.5411 0.0500
f 2304 2305 5401
f 5401 2305 2304
v -2.0852 6.9568 0.0500
f 2299 2306 5402
f 5402 2306 2299
v -2.1079 7.2560 0.0500
f 2306 2307 5403
f 5403 2307 2306
v -2.1307 7.5551 0.0500
f 2307 2308 5404
f 5404 2308 2307
v -2.3391 7.7709 0.0500
f 2308 2309 5405
f 5405 2309 2308
v -2.1307 7.5551 0.0500
f 2307 2310 5406
f 5406 2310 2307
v -2.0269 7.8366 0.0500
f 2310 2311 5407
f 5407 2311 2310
v -2.1307 7.5551 0.0500
f 2307 2312 5408
f 5408 2312 2307
v -1.9308 7.7788 0.0500
f 2312 2313 5409
f 5409 2313 2312
v -1.7308 8.0024 0.0500
f 2313 2314 5410
f 5410 2314 2313
v -1.7275 8.3024 0.0500
f 2314 2315 5411
f 5411 2315 2314
v -1.7308 8.0024 0.0500
f 2313 2316 5412
f 5412 2316 2313
v -1.4570 8.1251 0.0500
f 2316 2317 5413
f 5413 2317 2316
v -1.7308 8.0024 0.0500
f 2313 2318 5414
f 5414 2318 2313
v -1.6146 8.2790 0.0500
f 2318 2319 5415
f 5415 2319 2318
v -1.4984 8.5556 0.0500
f 2319 2320 5416
f 5416 2320 2319
v -1.6023 8.8370 0.0500
f 2320 2321 5417
f 5417 2321 2320
v -1.6111 9.1369 0.0500
f 2321 2322 5418
f 5418 2322 2321
v -1.4984 8.5556 0.0500
f 2319 2323 5419
f 5419 2323 2319
v -1.3275 8.8021 0.0500
f 2323 2324 5420
f 5420 2324 2323
v -1.2463 9.0910 0.0500
f 2324 2325 5421
f 5421 2325 2324
v -1.4984 8.5556 0.0500
f 2319 2326 5422
f 5422 2326 2319
v -1.5290 8.8540 0.0500
f 2326 2327 5423
f 5423 2327 2326
v -1.5597 9.1524 0.0500
f 2327 2328 5424
f 5424 2328 2327
v -1.7729 9.3635 0.0500
f 2328 2329 5425
f 5425 2329 2328
v -1.5597 9.1524 0.0500
f 2327 2330 5426
f 5426 2330 2327
v -1.4453 9.4298 0.0500
f 2330 2331 5427
f 5427 2331 2330
v -2.1307 7.5551 0.0500
f 2307 2332 5428
f 5428 2332 2307
v -2.2611 7.8253 0.0500
f 2332 2333 5429
f 5429 2333 2332
v -2.3914 8.0955 0.0500
f 2333 2334 5430
f 5430 2334 2333
v -2.6750 8.1933 0.0500
f 2334 2335 5431
f 5431 2335 2334
v -2.3914 8.0955 0.0500
f 2333 2336 5432
f 5432 2336 2333
v -2.4045 8.3952 0.0500
f 2336 2337 5433
f 5433 2337 2336
v -2.3914 8.0955 0.0500
f 2333 2338 5434
f 5434 2338 2333
v -2.4023 8.3953 0.0500
f 2338 2339 5435
f 5435 2339 2338
v -2.4131 8.6951 0.0500
f 2339 2340 5436
f 5436 2340 2339
v -2.2042 8.9103 0.0500
f 2340 2341 5437
f 5437 2341 2340
v -2.0734 9.1803 0.0500
f 2341 2342 5438
f 5438 2342 2341
v -2.4131 8.6951 0.0500
f 2339 2343 5439
f 5439 2343 2339
v -2.5133 8.9779 0.0500
f 2343 2344 5440
f 5440 2344 2343
v -2.5080 9.2779 0.0500
f 2344 2345 5441
f 5441 2345 2344
v -2.4131 8.6951 0.0500
f 2339 2346 5442
f 5442 2346 2339
v -2.2923 8.9697 0.0500
f 2346 2347 5443
f 5443 2347 2346
v -2.1714 9.2442 0.0500
f 2347 2348 5444
f 5444 2348 2347
v -1.8887 9.3449 0.0500
f 2348 2349 5445
f 5445 2349 2348
v -1.6546 9.5323 0.0500
f 2349 2350 5446
f 5446 2350 2349
v -2.1714 9.2442 0.0500
f 2347 2351 5447
f 5447 2351 2347
v -2.1740 9.5442 0.0500
f 2351 2352 5448
f 5448 2352 2351
v -2.0729 9.8267 0.0500
f 2352 2353 5449
f 5449 2353 2352
v -2.1307 7.5551 0.0500
f 2307 2354 5450
f 5450 2354 2307
v -2.1476 7.8546 0.0500
f 2354 2355 5451
f 5451 2355 2354
v -2.1646 8.1542 0.0500
f 2355 2356 5452
f 5452 2356 2355
v -1.9794 8.3902 0.0500
f 2356 2357 5453
f 5453 2357 2356
v -1.9066 8.6812 0.0500
f 2357 2358 5454
f 5454 2358 2357
v -2.1646 8.1542 0.0500
f 2355 2359 5455
f 5455 2359 2355
v -2.2610 8.4382 0.0500
f 2359 2360 5456
f 5456 2360 2359
v -2.2252 8.7361 0.0500
f 2360 2361 5457
f 5457 2361 2360
v -2.1646 8.1542 0.0500
f 2355 2362 5458
f 5458 2362 2355
v -2.1693 8.4541 0.0500
f 2362 2363 5459
f 5459 2363 2362
v -2.1741 8.7541 0.0500
f 2363 2364 5460
f 5460 2364 2363
v -1.9543 8.9582 0.0500
f 2364 2365 5461
f 5461 2365 2364
v -1.8418 9.2364 0.0500
f 2365 2366 5462
f 5462 2366 2365
v -2.1741 8.7541 0.0500
f 2363 2367 5463
f 5463 2367 2363
v -2.2613 9.0411 0.0500
f 2367 2368 5464
f 5464 2368 2367
v -2.2266 9.3391 0.0500
f 2368 2369 5465
f 5465 2369 2368
v -2.1741 8.7541 0.0500
f 2363 2370 5466
f 5466 2370 2363
v -2.3693 8.9819 0.0500
f 2370 2371 5467
f 5467 2371 2370
v -2.5645 9.2097 0.0500
f 2371 2372 5468
f 5468 2372 2371
v -2.5186 9.5061 0.0500
f 2372 2373 5469
f 5469 2373 2372
v -2.5641 9.8027 0.0500
f 2373 2374 5470
f 5470 2374 2373
v -2.5645 9.2097 0.0500
f 2371 2375 5471
f 5471 2375 2371
v -2.8251 9.3583 0.0500
f 2375 2376 5472
f 5472 2376 2375
v -3.0152 9.5904 0.0500
f 2376 2377 5473
f 5473 2377 2376
v -2.5645 9.2097 0.0500
f 2371 2378 5474
f 5474 2378 2371
v -2.5991 9.5077 0.0500
f 2378 2379 5475
f 5475 2379 2378
v -2.6336 9.8057 0.0500
f 2379 2380 5476
f 5476 2380 2379
v -2.8803 9.9765 0.0500
f 2380 2381 5477
f 5477 2381 2380
v -2.6336 9.8057 0.0500
f 2379 2382 5478
f 5478 2382 2379
v -2.5472 10.0930 0.0500
f 2382 2383 5479
f 5479 2383 2382
v -2.1741 8.7541 0.0500
f 2363 2384 5480
f 5480 2384 2363
v -2.0387 9.0218 0.0500
f 2384 2385 5481
f 5481 2385 2384
v -1.9034 9.2895 0.0500
f 2385 2386 5482
f 5482 2386 2385
v -2.0329 9.5601 0.0500
f 2386 2387 5483
f 5483 2387 2386
v -2.0721 9.8575 0.0500
f 2387 2388 5484
f 5484 2388 2387
v -1.9034 9.2895 0.0500
f 2385 2389 5485
f 5485 2389 2385
v -1.7163 9.5241 0.0500
f 2389 2390 5486
f 5486 2390 2389
v -1.6299 9.8114 0.0500
f 2390 2391 5487
f 5487 2391 2390
v -1.9034 9.2895 0.0500
f 2385 2392 5488
f 5488 2392 2385
v -1.9359 9.5878 0.0500
f 2392 2393 5489
f 5489 2393 2392
v -1.9684 9.8860 0.0500
f 2393 2394 5490
f 5490 2394 2393
v -1.8077 10.1393 0.0500
f 2394 2395 5491
f 5491 2395 2394
v -1.7530 10.4343 0.0500
f 2395 2396 5492
f 5492 2396 2395
v -1.9684 9.8860 0.0500
f 2393 2397 5493
f 5493 2397 2393
v -2.1117 10.1495 0.0500
f 2397 2398 5494
f 5494 2398 2397
v -2.1436 10.4478 0.0500
f 2398 2399 5495
f 5495 2399 2398
v -2.1741 8.7541 0.0500
f 2363 2400 5496
f 5496 2400 2363
v -2.3541 8.9941 0.0500
f 2400 2401 5497
f 5497 2401 2400
v -2.5341 9.2341 0.0500
f 2401 2402 5498
f 5498 2402 2401
v -2.4609 9.5251 0.0500
f 2402 2403 5499
f 5499 2403 2402
v -2.5013 9.8223 0.0500
f 2403 2404 5500
f 5500 2404 2403
v -2.5341 9.2341 0.0500
f 2401 2405 5501
f 5501 2405 2401
v -2.7619 9.4293 0.0500
f 2405 2406 5502
f 5502 2406 2405
v -2.8747 9.7073 0.0500
f 2406 2407 5503
f 5503 2407 2406
v -2.5341 9.2341 0.0500
f 2401 2408 5504
f 5504 2408 2401
v -2.6889 9.4911 0.0500
f 2408 2409 5505
f 5505 2409 2408
v -2.8437 9.7481 0.0500
f 2409 2410 5506
f 5506 2410 2409
v -3.1401 9.7941 0.0500
f 2410 2411 5507
f 5507 2411 2410
v -3.4018 9.9407 0.0500
f 2411 2412 5508
f 5508 2412 2411
v -2.8437 9.7481 0.0500
f 2409 2413 5509
f 5509 2413 2409
v -2.8922 10.0441 0.0500
f 2413 2414 5510
f 5510 2414 2413
v -3.0660 10.2886 0.0500
f 2414 2415 5511
f 5511 2415 2414
v -2.8437 9.7481 0.0500
f 2409 2416 5512
f 5512 2416 2409
v -2.7844 10.0422 0.0500
f 2416 2417 5513
f 5513 2417 2416
v -2.7252 10.3362 0.0500
f 2417 2418 5514
f 5514 2418 2417
v -2.8879 10.5883 0.0500
f 2418 2419 5515
f 5515 2419 2418
v -2.7252 10.3362 0.0500
f 2417 2420 5516
f 5516 2420 2417
v -2.5519 10.5811 0.0500
f 2420 2421 5517
f 5517 2421 2420
v -2.7252 10.3362 0.0500
f 2417 2422 5518
f 5518 2422 2417
v -2.7596 10.6343 0.0500
f 2422 2423 5519
f 5519 2423 2422
v -2.7941 10.9323 0.0500
f 2423 2424 5520
f 5520 2424 2423
v -2.5970 11.1585 0.0500
f 2424 2425 5521
f 5521 2425 2424
v -2.5112 11.4459 0.0500
f 2425 2426 5522
f 5522 2426 2425
v -2.7941 10.9323 0.0500
f 2423 2427 5523
f 5523 2427 2423
v -2.9472 11.1902 0.0500
f 2427 2428 5524
f 5524 2428 2427
v -3.0132 11.4829 0.0500
f 2428 2429 5525
f 5525 2429 2428
v -2.7941 10.9323 0.0500
f 2423 2430 5526
f 5526 2430 2423
v -2.9563 11.1846 0.0500
f 2430 2431 5527
f 5527 2431 2430
v -3.1186 11.4370 0.0500
f 2431 2432 5528
f 5528 2432 2431
v -3.4123 11.4980 0.0500
f 2432 2433 5529
f 5529 2433 2432
v -3.1186 11.4370 0.0500
f 2431 2434 5530
f 5530 2434 2431
v -3.1960 11.7268 0.0500
f 2434 2435 5531
f 5531 2435 2434
v -2.8437 9.7481 0.0500
f 2409 2436 5532
f 5532 2436 2409
v -3.0976 9.9078 0.0500
f 2436 2437 5533
f 5533 2437 2436
v -3.3515 10.0676 0.0500
f 2437 2438 5534
f 5534 2438 2437
v -3.4056 10.3627 0.0500
f 2438 2439 5535
f 5535 2439 2438
v -3.5551 10.6227 0.0500
f 2439 2440 5536
f 5536 2440 2439
v -3.3515 10.0676 0.0500
f 2437 2441 5537
f 5537 2441 2437
v -3.6467 10.1209 0.0500
f 2441 2442 5538
f 5538 2442 2441
v -3.9037 10.2757 0.0500
f 2442 2443 5539
f 5539 2443 2442
v -3.3515 10.0676 0.0500
f 2437 2444 5540
f 5540 2444 2437
v -3.5167 10.3180 0.0500
f 2444 2445 5541
f 5541 2445 2444
v -3.6819 10.5684 0.0500
f 2445 2446 5542
f 5542 2446 2445
v -3.6197 10.8619 0.0500
f 2446 2447 5543
f 5543 2447 2446
v -3.6541 11.1599 0.0500
f 2447 2448 5544
f 5544 2448 2447
v -3.6819 10.5684 0.0500
f 2445 2449 5545
f 5545 2449 2445
v -3.9125 10.7602 0.0500
f 2449 2450 5546
f 5546 2450 2449
v -4.0308 11.0360 0.0500
f 2450 2451 5547
f 5547 2451 2450
v -3.6819 10.5684 0.0500
f 2445 2452 5548
f 5548 2452 2445
v -3.7253 10.8653 0.0500
f 2452 2453 5549
f 5549 2453 2452
v -3.7687 11.1621 0.0500
f 2453 2454 5550
f 5550 2454 2453
v -4.0321 11.3057 0.0500
f 2454 2455 5551
f 5551 2455 2454
v -4.2268 11.5339 0.0500
f 2455 2456 5552
f 5552 2456 2455
v -3.7687 11.1621 0.0500
f 2453 2457 5553
f 5553 2457 2453
v -3.7682 11.4621 0.0500
f 2457 2458 5554
f 5554 2458 2457
v -3.8735 11.7430 0.0500
f 2458 2459 5555
f 5555 2459 2458
v -2.8437 9.7481 0.0500
f 2409 2460 5556
f 5556 2460 2409
v -2.9207 10.0380 0.0500
f 2460 2461 5557
f 5557 2461 2460
v -2.9977 10.3279 0.0500
f 2461 2462 5558
f 5558 2462 2461
v -3.2617 10.4705 0.0500
f 2462 2463 5559
f 5559 2463 2462
v -2.9977 10.3279 0.0500
f 2461 2464 5560
f 5560 2464 2461
v -3.0095 10.6277 0.0500
f 2464 2465 5561
f 5561 2465 2464
v -2.9977 10.3279 0.0500
f 2461 2466 5562
f 5562 2466 2461
v -3.1132 10.6048 0.0500
f 2466 2467 5563
f 5563 2467 2466
v -3.2287 10.8817 0.0500
f 2467 2468 5564
f 5564 2468 2467
v -3.4974 11.0151 0.0500
f 2468 2469 5565
f 5565 2469 2468
v -3.2287 10.8817 0.0500
f 2467 2470 5566
f 5566 2470 2467
v -3.2051 11.1808 0.0500
f 2470 2471 5567
f 5567 2471 2470
v -3.2287 10.8817 0.0500
f 2467 2472 5568
f 5568 2472 2467
v -3.5069 10.9939 0.0500
f 2472 2473 5569
f 5569 2473 2472
v -3.7852 11.1061 0.0500
f 2473 2474 5570
f 5570 2474 2473
v -4.0652 10.9984 0.0500
f 2474 2475 5571
f 5571 2475 2474
v -4.3643 11.0213 0.0500
f 2475 2476 5572
f 5572 2476 2475
v -3.7852 11.1061 0.0500
f 2473 2477 5573
f 5573 2477 2473
v -4.0113 11.3033 0.0500
f 2477 2478 5574
f 5574 2478 2477
v -4.2927 11.4071 0.0500
f 2478 2479 5575
f 5575 2479 2478
v -3.7852 11.1061 0.0500
f 2473 2480 5576
f 5576 2480 2473
v -3.9938 11.3216 0.0500
f 2480 2481 5577
f 5577 2481 2480
v -4.2025 11.5372 0.0500
f 2481 2482 5578
f 5578 2482 2481
v -4.5019 11.5192 0.0500
f 2482 2483 5579
f 5579 2483 2482
v -4.7910 11.5995 0.0500
f 2483 2484 5580
f 5580 2484 2483
v -4.2025 11.5372 0.0500
f 2481 2485 5581
f 5581 2485 2481
v -4.3344 11.8066 0.0500
f 2485 2486 5582
f 5582 2486 2485
v -4.5590 12.0056 0.0500
f 2486 2487 5583
f 5583 2487 2486
v -4.2025 11.5372 0.0500
f 2481 2488 5584
f 5584 2488 2481
v -4.3443 11.8015 0.0500
f 2488 2489 5585
f 5585 2489 2488
v -4.4861 12.0659 0.0500
f 2489 2490 5586
f 5586 2490 2489
v -4.7626 12.1822 0.0500
f 2490 2491 5587
f 5587 2491 2490
v -4.9646 12.4040 0.0500
f 2491 2492 5588
f 5588 2492 2491
v -4.4861 12.0659 0.0500
f 2489 2493 5589
f 5589 2493 2489
v -4.4866 12.3659 0.0500
f 2493 2494 5590
f 5590 2494 2493
v -4.5999 12.6437 0.0500
f 2494 2495 5591
f 5591 2495 2494
v -3.2287 10.8817 0.0500
f 2467 2496 5592
f 5592 2496 2467
v -3.2181 11.1815 0.0500
f 2496 2497 5593
f 5593 2497 2496
v -3.2075 11.4813 0.0500
f 2497 2498 5594
f 5594 2498 2497
v -2.9984 11.6964 0.0500
f 2498 2499 5595
f 5595 2499 2498
v -2.8720 11.9685 0.0500
f 2499 2500 5596
f 5596 2500 2499
v -3.2075 11.4813 0.0500
f 2497 2501 5597
f 5597 2501 2497
v -3.3450 11.7480 0.0500
f 2501 2502 5598
f 5598 2502 2501
v -3.3745 12.0465 0.0500
f 2502 2503 5599
f 5599 2503 2502
v -3.2075 11.4813 0.0500
f 2497 2504 5600
f 5600 2504 2497
v -3.3428 11.7491 0.0500
f 2504 2505 5601
f 5601 2505 2504
v -3.4781 12.0169 0.0500
f 2505 2506 5602
f 5602 2506 2505
v -3.7731 12.0716 0.0500
f 2506 2507 5603
f 5603 2507 2506
v -4.0185 12.2442 0.0500
f 2507 2508 5604
f 5604 2508 2507
v -3.4781 12.0169 0.0500
f 2505 2509 5605
f 5605 2509 2505
v -3.5105 12.3151 0.0500
f 2509 2510 5606
f 5606 2510 2509
v -3.6485 12.5815 0.0500
f 2510 2511 5607
f 5607 2511 2510
v -3.4781 12.0169 0.0500
f 2505 2512 5608
f 5608 2512 2505
v -3.6805 12.2383 0.0500
f 2512 2513 5609
f 5609 2513 2512
v -3.8830 12.4597 0.0500
f 2513 2514 5610
f 5610 2514 2513
v -4.1791 12.5079 0.0500
f 2514 2515 5611
f 5611 2515 2514
v -3.8830 12.4597 0.0500
f 2513 2516 5612
f 5612 2516 2513
v -3.9278 12.7563 0.0500
f 2516 2517 5613
f 5613 2517 2516
v -3.2287 10.8817 0.0500
f 2467 2518 5614
f 5614 2518 2467
v -3.2194 11.1816 0.0500
f 2518 2519 5615
f 5615 2519 2518
v -3.2102 11.4814 0.0500
f 2519 2520 5616
f 5616 2520 2519
v -3.4092 11.7059 0.0500
f 2520 2521 5617
f 5617 2521 2520
v -3.5196 11.9849 0.0500
f 2521 2522 5618
f 5618 2522 2521
v -3.2102 11.4814 0.0500
f 2519 2523 5619
f 5619 2523 2519
v -3.0805 11.7519 0.0500
f 2523 2524 5620
f 5620 2524 2523
v -3.0392 12.0491 0.0500
f 2524 2525 5621
f 5621 2525 2524
v -3.2102 11.4814 0.0500
f 2519 2526 5622
f 5622 2526 2519
v -3.2057 11.7814 0.0500
f 2526 2527 5623
f 5623 2527 2526
v -3.2011 12.0814 0.0500
f 2527 2528 5624
f 5624 2528 2527
v -2.9811 12.2853 0.0500
f 2528 2529 5625
f 5625 2529 2528
v -2.8475 12.5539 0.0500
f 2529 2530 5626
f 5626 2530 2529
v -3.2011 12.0814 0.0500
f 2527 2531 5627
f 5627 2531 2527
v -3.2588 12.3758 0.0500
f 2531 2532 5628
f 5628 2532 2531
v -3.2113 12.6720 0.0500
f 2532 2533 5629
f 5629 2533 2532
v -3.2011 12.0814 0.0500
f 2527 2534 5630
f 5630 2534 2527
v -2.9648 12.2662 0.0500
f 2534 2535 5631
f 5631 2535 2534
v -2.7285 12.4510 0.0500
f 2535 2536 5632
f 5632 2536 2535
v -2.6832 12.7476 0.0500
f 2536 2537 5633
f 5633 2537 2536
v -2.5484 13.0156 0.0500
f 2537 2538 5634
f 5634 2538 2537
v -2.7285 12.4510 0.0500
f 2535 2539 5635
f 5635 2539 2535
v -2.4444 12.5474 0.0500
f 2539 2540 5636
f 5636 2540 2539
v -2.2146 12.7402 0.0500
f 2540 2541 5637
f 5637 2541 2540
v -2.7285 12.4510 0.0500
f 2535 2542 5638
f 5638 2542 2535
v -2.5704 12.7059 0.0500
f 2542 2543 5639
f 5639 2543 2542
v -2.4123 12.9609 0.0500
f 2543 2544 5640
f 5640 2544 2543
v -2.4521 13.2582 0.0500
f 2544 2545 5641
f 5641 2545 2544
v -2.4123 12.9609 0.0500
f 2543 2546 5642
f 5642 2546 2543
v -2.1363 13.0785 0.0500
f 2546 2547 5643
f 5643 2547 2546
v -2.4123 12.9609 0.0500
f 2543 2548 5644
f 5644 2548 2543
v -2.3280 13.2488 0.0500
f 2548 2549 5645
f 5645 2549 2548
v -2.2438 13.5367 0.0500
f 2549 2550 5646
f 5646 2550 2549
v -1.9887 13.6947 0.0500
f 2550 2551 5647
f 5647 2551 2550
v -1.8022 13.9296 0.0500
f 2551 2552 5648
f 5648 2552 2551
v -2.2438 13.5367 0.0500
f 2549 2553 5649
f 5649 2553 2549
v -2.2956 13.8322 0.0500
f 2553 2554 5650
f 5650 2554 2553
v -2.2510 14.1289 0.0500
f 2554 2555 5651
f 5651 2555 2554
v -3.2011 12.0814 0.0500
f 2527 2556 5652
f 5652 2556 2527
v -3.2602 12.3755 0.0500
f 2556 2557 5653
f 5653 2557 2556
v -3.3192 12.6696 0.0500
f 2557 2558 5654
f 5654 2558 2557
v -3.5603 12.8481 0.0500
f 2558 2559 5655
f 5655 2559 2558
v -3.3192 12.6696 0.0500
f 2557 2560 5656
f 5656 2560 2557
v -3.2523 12.9621 0.0500
f 2560 2561 5657
f 5657 2561 2560
v -3.3192 12.6696 0.0500
f 2557 2562 5658
f 5658 2562 2557
v -3.2745 12.9663 0.0500
f 2562 2563 5659
f 5659 2563 2562
v -3.2299 13.2630 0.0500
f 2563 2564 5660
f 5660 2564 2563
v -2.9868 13.4388 0.0500
f 2564 2565 5661
f 5661 2565 2564
v -2.8479 13.7047 0.0500
f 2565 2566 5662
f 5662 2566 2565
v -3.2299 13.2630 0.0500
f 2563 2567 5663
f 5663 2567 2563
v -3.2781 13.5591 0.0500
f 2567 2568 5664
f 5664 2568 2567
v -3.2164 13.8527 0.0500
f 2568 2569 5665
f 5665 2569 2568
v -3.2299 13.2630 0.0500
f 2563 2570 5666
f 5666 2570 2563
v -3.0612 13.5110 0.0500
f 2570 2571 5667
f 5667 2571 2570
v -2.8924 13.7591 0.0500
f 2571 2572 5668
f 5668 2572 2571
v -2.9305 14.0567 0.0500
f 2572 2573 5669
f 5669 2573 2572
v -2.8924 13.7591 0.0500
f 2571 2574 5670
f 5670 2574 2571
v -2.6311 13.9063 0.0500
f 2574 2575 5671
f 5671 2575 2574
v -2.1741 8.7541 0.0500
f 2363 2576 5672
f 5672 2576 2363
v -2.0370 9.0209 0.0500
f 2576 2577 5673
f 5673 2577 2576
v -1.8999 9.2878 0.0500
f 2577 2578 5674
f 5674 2578 2577
v -1.9543 9.5828 0.0500
f 2578 2579 5675
f 5675 2579 2578
v -1.8999 9.2878 0.0500
f 2577 2580 5676
f 5676 2580 2577
v -1.6450 9.4459 0.0500
f 2580 2581 5677
f 5677 2581 2580
v -1.8999 9.2878 0.0500
f 2577 2582 5678
f 5678 2582 2577
v -1.7372 9.5398 0.0500
f 2582 2583 5679
f 5679 2583 2582
v -1.5744 9.7918 0.0500
f 2583 2584 5680
f 5680 2584 2583
v -1.6382 10.0849 0.0500
f 2584 2585 5681
f 5681 2585 2584
v -1.5744 9.7918 0.0500
f 2583 2586 5682
f 5682 2586 2583
v -1.3412 9.9805 0.0500
f 2586 2587 5683
f 5683 2587 2586
v -1.5744 9.7918 0.0500
f 2583 2588 5684
f 5684 2588 2583
v -1.2790 9.8438 0.0500
f 2588 2589 5685
f 5685 2589 2588
v -0.9835 9.8959 0.0500
f 2589 2590 5686
f 5686 2590 2589
v -0.7959 10.1300 0.0500
f 2590 2591 5687
f 5687 2591 2590
v -0.9835 9.8959 0.0500
f 2589 2592 5688
f 5688 2592 2589
v -0.6908 9.8300 0.0500
f 2592 2593 5689
f 5689 2593 2592
v -0.9835 9.8959 0.0500
f 2589 2594 5690
f 5690 2594 2589
v -0.7166 10.0330 0.0500
f 2594 2595 5691
f 5691 2595 2594
v -0.4498 10.1700 0.0500
f 2595 2596 5692
f 5692 2596 2595
v -0.3577 10.4555 0.0500
f 2596 2597 5693
f 5693 2597 2596
v -0.4498 10.1700 0.0500
f 2595 2598 5694
f 5694 2598 2595
v -0.1498 10.1725 0.0500
f 2598 2599 5695
f 5695 2599 2598
v -0.4498 10.1700 0.0500
f 2595 2600 5696
f 5696 2600 2595
v -0.2583 10.4010 0.0500
f 2600 2601 5697
f 5697 2601 2600
v -0.0669 10.6319 0.0500
f 2601 2602 5698
f 5698 2602 2601
v 0.2297 10.6773 0.0500
f 2602 2603 5699
f 5699 2603 2602
v 0.4961 10.8153 0.0500
f 2603 2604 5700
f 5700 2604 2603
v -0.0669 10.6319 0.0500
f 2601 2605 5701
f 5701 2605 2601
v 0.0555 10.9058 0.0500
f 2605 2606 5702
f 5702 2606 2605
v 0.2882 11.0953 0.0500
f 2606 2607 5703
f 5703 2607 2606
v -1.5744 9.7918 0.0500
f 2583 2608 5704
f 5704 2608 2583
v -1.5731 10.0918 0.0500
f 2608 2609 5705
f 5705 2609 2608
v -1.5719 10.3918 0.0500
f 2609 2610 5706
f 5706 2610 2609
v -1.3491 10.5927 0.0500
f 2610 2611 5707
f 5707 2611 2610
v -1.2256 10.8661 0.0500
f 2611 2612 5708
f 5708 2612 2611
v -1.5719 10.3918 0.0500
f 2609 2613 5709
f 5709 2613 2609
v -1.6728 10.6743 0.0500
f 2613 2614 5710
f 5710 2614 2613
v -1.6751 10.9743 0.0500
f 2614 2615 5711
f 5711 2615 2614
v -1.5719 10.3918 0.0500
f 2609 2616 5712
f 5712 2616 2609
v -1.4356 10.6590 0.0500
f 2616 2617 5713
f 5713 2617 2616
v -1.2993 10.9263 0.0500
f 2617 2618 5714
f 5714 2618 2617
v -1.0147 11.0212 0.0500
f 2618 2619 5715
f 5715 2619 2618
v -0.8025 11.2332 0.0500
f 2619 2620 5716
f 5716 2620 2619
v -1.2993 10.9263 0.0500
f 2617 2621 5717
f 5717 2621 2617
v -1.3145 11.2259 0.0500
f 2621 2622 5718
f 5718 2622 2621
v -1.2224 11.5114 0.0500
f 2622 2623 5719
f 5719 2623 2622
v -1.2993 10.9263 0.0500
f 2617 2624 5720
f 5720 2624 2617
v -1.1104 11.1594 0.0500
f 2624 2625 5721
f 5721 2625 2624
v -0.9215 11.3924 0.0500
f 2625 2626 5722
f 5722 2626 2625
v -0.9886 11.6848 0.0500
f 2626 2627 5723
f 5723 2627 2626
v -0.9215 11.3924 0.0500
f 2625 2628 5724
f 5724 2628 2625
v -0.6686 11.5538 0.0500
f 2628 2629 5725
f 5725 2629 2628
v -1.5744 9.7918 0.0500
f 2583 2630 5726
f 5726 2630 2583
v -1.5632 10.0916 0.0500
f 2630 2631 5727
f 5727 2631 2630
v -1.5520 10.3914 0.0500
f 2631 2632 5728
f 5728 2632 2631
v -1.3288 10.5919 0.0500
f 2632 2633 5729
f 5729 2633 2632
v -1.1966 10.8612 0.0500
f 2633 2634 5730
f 5730 2634 2633
v -1.5520 10.3914 0.0500
f 2631 2635 5731
f 5731 2635 2631
v -1.6677 10.6682 0.0500
f 2635 2636 5732
f 5732 2636 2635
v -1.6484 10.9676 0.0500
f 2636 2637 5733
f 5733 2637 2636
v -1.5520 10.3914 0.0500
f 2631 2638 5734
f 5734 2638 2631
v -1.5528 10.6914 0.0500
f 2638 2639 5735
f 5735 2639 2638
v -1.5536 10.9914 0.0500
f 2639 2640 5736
f 5736 2640 2639
v -1.7691 11.2001 0.0500
f 2640 2641 5737
f 5737 2641 2640
v -1.5536 10.9914 0.0500
f 2639 2642 5738
f 5738 2642 2639
v -1.4409 11.2694 0.0500
f 2642 2643 5739
f 5739 2643 2642
v -1.5536 10.9914 0.0500
f 2639 2644 5740
f 5740 2644 2639
v -1.3423 11.2044 0.0500
f 2644 2645 5741
f 5741 2645 2644
v -1.1311 11.4173 0.0500
f 2645 2646 5742
f 5742 2646 2645
v -0.8315 11.4333 0.0500
f 2646 2647 5743
f 5743 2647 2646
v -0.5593 11.5594 0.0500
f 2647 2648 5744
f 5744 2648 2647
v -1.1311 11.4173 0.0500
f 2645 2649 5745
f 5745 2649 2645
v -1.0079 11.6909 0.0500
f 2649 2650 5746
f 5746 2650 2649
v -0.7999 11.9070 0.0500
f 2650 2651 5747
f 5747 2651 2650
v -1.1311 11.4173 0.0500
f 2645 2652 5748
f 5748 2652 2645
v -1.0109 11.6922 0.0500
f 2652 2653 5749
f 5749 2653 2652
v -0.8907 11.9671 0.0500
f 2653 2654 5750
f 5750 2654 2653
v -0.9997 12.2465 0.0500
f 2654 2655 5751
f 5751 2655 2654
v -0.9925 12.5464 0.0500
f 2655 2656 5752
f 5752 2656 2655
v -0.8907 11.9671 0.0500
f 2653 2657 5753
f 5753 2657 2653
v -0.6474 12.1426 0.0500
f 2657 2658 5754
f 5754 2658 2657
v -0.4705 12.3850 0.0500
f 2658 2659 5755
f 5755 2659 2658
v -0.8907 11.9671 0.0500
f 2653 2660 5756
f 5756 2660 2653
v -0.8915 12.2671 0.0500
f 2660 2661 5757
f 5757 2661 2660
v -0.8924 12.5671 0.0500
f 2661 2662 5758
f 5758 2662 2661
v -1.1179 12.7649 0.0500
f 2662 2663 5759
f 5759 2663 2662
v -0.8924 12.5671 0.0500
f 2661 2664 5760
f 5760 2664 2661
v -0.8063 12.8545 0.0500
f 2664 2665 5761
f 5761 2665 2664
v -1.5536 10.9914 0.0500
f 2639 2666 5762
f 5762 2666 2639
v -1.6850 11.2611 0.0500
f 2666 2667 5763
f 5763 2667 2666
v -1.8164 11.5308 0.0500
f 2667 2668 5764
f 5764 2668 2667
v -2.0996 11.6296 0.0500
f 2668 2669 5765
f 5765 2669 2668
v -1.8164 11.5308 0.0500
f 2667 2670 5766
f 5766 2670 2667
v -1.8194 11.8308 0.0500
f 2670 2671 5767
f 5767 2671 2670
v -1.8164 11.5308 0.0500
f 2667 2672 5768
f 5768 2672 2667
v -1.8096 11.8307 0.0500
f 2672 2673 5769
f 5769 2673 2672
v -1.8028 12.1306 0.0500
f 2673 2674 5770
f 5770 2674 2673
v -1.5823 12.3341 0.0500
f 2674 2675 5771
f 5771 2675 2674
v -1.4698 12.6122 0.0500
f 2675 2676 5772
f 5772 2676 2675
v -1.8028 12.1306 0.0500
f 2673 2677 5773
f 5773 2677 2673
v -1.8994 12.4146 0.0500
f 2677 2678 5774
f 5774 2678 2677
v -1.8906 12.7145 0.0500
f 2678 2679 5775
f 5775 2679 2678
v -1.8028 12.1306 0.0500
f 2673 2680 5776
f 5776 2680 2673
v -1.6889 12.4082 0.0500
f 2680 2681 5777
f 5777 2681 2680
v -1.5750 12.6857 0.0500
f 2681 2682 5778
f 5778 2682 2681
v -1.7015 12.9578 0.0500
f 2682 2683 5779
f 5779 2683 2682
v -1.5750 12.6857 0.0500
f 2681 2684 5780
f 5780 2684 2681
v -1.3628 12.8978 0.0500
f 2684 2685 5781
f 5781 2685 2684
v -1.5536 10.9914 0.0500
f 2639 2686 5782
f 5782 2686 2639
v -1.6985 11.2540 0.0500
f 2686 2687 5783
f 5783 2687 2686
v -1.8435 11.5167 0.0500
f 2687 2688 5784
f 5784 2688 2687
v -2.1260 11.6177 0.0500
f 2688 2689 5785
f 5785 2689 2688
v -1.8435 11.5167 0.0500
f 2687 2690 5786
f 5786 2690 2687
v -1.8382 11.8167 0.0500
f 2690 2691 5787
f 5787 2691 2690
v -1.8435 11.5167 0.0500
f 2687 2692 5788
f 5788 2692 2687
v -1.9468 11.7984 0.0500
f 2692 2693 5789
f 5789 2693 2692
v -2.0501 12.0800 0.0500
f 2693 2694 5790
f 5790 2694 2693
v -2.3188 12.2133 0.0500
f 2694 2695 5791
f 5791 2695 2694
v -2.0501 12.0800 0.0500
f 2693 2696 5792
f 5792 2696 2693
v -2.0353 12.3797 0.0500
f 2696 2697 5793
f 5793 2697 2696
v -2.0501 12.0800 0.0500
f 2693 2698 5794
f 5794 2698 2693
v -2.3194 12.2121 0.0500
f 2698 2699 5795
f 5795 2699 2698
v -2.5888 12.3443 0.0500
f 2699 2700 5796
f 5796 2700 2699
v -2.8716 12.2442 0.0500
f 2700 2701 5797
f 5797 2701 2700
v -2.5888 12.3443 0.0500
f 2699 2702 5798
f 5798 2702 2699
v -2.7729 12.5811 0.0500
f 2702 2703 5799
f 5799 2703 2702
v -2.5888 12.3443 0.0500
f 2699 2704 5800
f 5800 2704 2699
v -2.7467 12.5993 0.0500
f 2704 2705 5801
f 5801 2705 2704
v -2.9046 12.8544 0.0500
f 2705 2706 5802
f 5802 2706 2705
v -2.8592 13.1510 0.0500
f 2706 2707 5803
f 5803 2707 2706
v -2.9290 13.4427 0.0500
f 2707 2708 5804
f 5804 2708 2707
v -2.9046 12.8544 0.0500
f 2705 2709 5805
f 5805 2709 2705
v -3.1446 13.0344 0.0500
f 2709 2710 5806
f 5806 2710 2709
v -3.2958 13.2935 0.0500
f 2710 2711 5807
f 5807 2711 2710
v -2.9046 12.8544 0.0500
f 2705 2712 5808
f 5808 2712 2705
v -2.9537 13.1504 0.0500
f 2712 2713 5809
f 5809 2713 2712
v -3.0027 13.4463 0.0500
f 2713 2714 5810
f 5810 2714 2713
v -2.8085 13.6750 0.0500
f 2714 2715 5811
f 5811 2715 2714
v -2.6927 13.9517 0.0500
f 2715 2716 5812
f 5812 2716 2715
v -3.0027 13.4463 0.0500
f 2713 2717 5813
f 5813 2717 2713
v -3.1389 13.7136 0.0500
f 2717 2718 5814
f 5814 2718 2717
v -3.1506 14.0134 0.0500
f 2718 2719 5815
f 5815 2719 2718
v -2.0501 12.0800 0.0500
f 2693 2720 5816
f 5816 2720 2693
v -2.0035 12.3764 0.0500
f 2720 2721 5817
f 5817 2721 2720
v -1.9570 12.6728 0.0500
f 2721 2722 5818
f 5818 2722 2721
v -2.1302 12.9177 0.0500
f 2722 2723 5819
f 5819 2723 2722
v -2.2183 13.2044 0.0500
f 2723 2724 5820
f 5820 2724 2723
v -1.9570 12.6728 0.0500
f 2721 2725 5821
f 5821 2725 2721
v -1.7729 12.9097 0.0500
f 2725 2726 5822
f 5822 2726 2725
v -1.6999 13.2006 0.0500
f 2726 2727 5823
f 5823 2727 2726
v -1.9570 12.6728 0.0500
f 2721 2728 5824
f 5824 2728 2721
v -2.0145 12.9672 0.0500
f 2728 2729 5825
f 5825 2729 2728
v -2.0719 13.2616 0.0500
f 2729 2730 5826
f 5826 2730 2729
v -2.3331 13.4094 0.0500
f 2730 2731 5827
f 5827 2731 2730
v -2.0719 13.2616 0.0500
f 2729 2732 5828
f 5828 2732 2729
v -2.0194 13.5570 0.0500
f 2732 2733 5829
f 5829 2733 2732
v -2.0719 13.2616 0.0500
f 2729 2734 5830
f 5830 2734 2729
v -2.2668 13.4897 0.0500
f 2734 2735 5831
f 5831 2735 2734
v -2.4617 13.7178 0.0500
f 2735 2736 5832
f 5832 2736 2735
v -2.4430 14.0172 0.0500
f 2736 2737 5833
f 5833 2737 2736
v -2.5270 14.3053 0.0500
f 2737 2738 5834
f 5834 2738 2737
v -2.4617 13.7178 0.0500
f 2735 2739 5835
f 5835 2739 2735
v -2.7328 13.8462 0.0500
f 2739 2740 5836
f 5836 2740 2739
v -2.9361 14.0668 0.0500
f 2740 2741 5837
f 5837 2741 2740
v -2.1741 8.7541 0.0500
f 2363 2742 5838
f 5838 2742 2363
v -2.0164 9.0093 0.0500
f 2742 2743 5839
f 5839 2743 2742
v -1.8586 9.2644 0.0500
f 2743 2744 5840
f 5840 2744 2743
v -1.9142 9.5593 0.0500
f 2744 2745 5841
f 5841 2745 2744
v -1.8586 9.2644 0.0500
f 2743 2746 5842
f 5842 2746 2743
v -1.5942 9.4062 0.0500
f 2746 2747 5843
f 5843 2747 2746
v -1.8586 9.2644 0.0500
f 2743 2748 5844
f 5844 2748 2743
v -1.6751 9.5018 0.0500
f 2748 2749 5845
f 5845 2749 2748
v -1.4917 9.7391 0.0500
f 2749 2750 5846
f 5846 2750 2749
v -1.1969 9.7950 0.0500
f 2750 2751 5847
f 5847 2751 2750
v -0.9490 9.9639 0.0500
f 2751 2752 5848
f 5848 2752 2751
v -1.4917 9.7391 0.0500
f 2749 2753 5849
f 5849 2753 2749
v -1.4329 10.0333 0.0500
f 2753 2754 5850
f 5850 2754 2753
v -1.2636 10.2810 0.0500
f 2754 2755 5851
f 5851 2755 2754
v -1.4917 9.7391 0.0500
f 2749 2756 5852
f 5852 2756 2749
v -1.1939 9.7756 0.0500
f 2756 2757 5853
f 5853 2757 2756
v -0.8961 9.8120 0.0500
f 2757 2758 5854
f 5854 2758 2757
v -0.6665 9.6189 0.0500
f 2758 2759 5855
f 5855 2759 2758
v -0.3836 9.5191 0.0500
f 2759 2760 5856
f 5856 2760 2759
v -0.8961 9.8120 0.0500
f 2757 2761 5857
f 5857 2761 2757
v -0.6189 9.9268 0.0500
f 2761 2762 5858
f 5858 2762 2761
v -0.3196 9.9466 0.0500
f 2762 2763 5859
f 5859 2763 2762
v -0.8961 9.8120 0.0500
f 2757 2764 5860
f 5860 2764 2757
v -0.6224 9.9348 0.0500
f 2764 2765 5861
f 5861 2765 2764
v -0.3486 10.0575 0.0500
f 2765 2766 5862
f 5862 2766 2765
v -0.2606 10.3443 0.0500
f 2766 2767 5863
f 5863 2767 2766
v -0.3486 10.0575 0.0500
f 2765 2768 5864
f 5864 2768 2765
v -0.0518 10.1009 0.0500
f 2768 2769 5865
f 5865 2769 2768
v -0.3486 10.0575 0.0500
f 2765 2770 5866
f 5866 2770 2765
v -0.1642 10.2942 0.0500
f 2770 2771 5867
f 5867 2771 2770
v 0.0202 10.5308 0.0500
f 2771 2772 5868
f 5868 2772 2771
v -0.0373 10.8252 0.0500
f 2772 2773 5869
f 5869 2773 2772
v 0.0430 11.1143 0.0500
f 2773 2774 5870
f 5870 2774 2773
v 0.0202 10.5308 0.0500
f 2771 2775 5871
f 5871 2775 2771
v 0.2588 10.7126 0.0500
f 2775 2776 5872
f 5872 2776 2775
v 0.4143 10.9692 0.0500
f 2776 2777 5873
f 5873 2777 2776
v -1.4917 9.7391 0.0500
f 2749 2778 5874
f 5874 2778 2749
v -1.4059 10.0266 0.0500
f 2778 2779 5875
f 5875 2779 2778
v -1.3201 10.3141 0.0500
f 2779 2780 5876
f 5876 2780 2779
v -1.0586 10.4612 0.0500
f 2780 2781 5877
f 5877 2781 2780
v -0.8860 10.7065 0.0500
f 2781 2782 5878
f 5878 2782 2781
v -1.3201 10.3141 0.0500
f 2779 2783 5879
f 5879 2783 2779
v -1.3636 10.6109 0.0500
f 2783 2784 5880
f 5880 2784 2783
v -1.3010 10.9043 0.0500
f 2784 2785 5881
f 5881 2785 2784
v -1.3201 10.3141 0.0500
f 2779 2786 5882
f 5882 2786 2779
v -1.1458 10.5583 0.0500
f 2786 2787 5883
f 5883 2787 2786
v -0.9716 10.8025 0.0500
f 2787 2788 5884
f 5884 2788 2787
v -1.0264 11.0974 0.0500
f 2788 2789 5885
f 5885 2789 2788
v -0.9716 10.8025 0.0500
f 2787 2790 5886
f 5886 2790 2787
v -0.7014 10.9330 0.0500
f 2790 2791 5887
f 5887 2791 2790
v -0.9716 10.8025 0.0500
f 2787 2792 5888
f 5888 2792 2787
v -0.6998 10.9295 0.0500
f 2792 2793 5889
f 5889 2793 2792
v -0.4280 11.0566 0.0500
f 2793 2794 5890
f 5890 2794 2793
v -0.1431 10.9626 0.0500
f 2794 2795 5891
f 5891 2795 2794
v 0.1568 10.9660 0.0500
f 2795 2796 5892
f 5892 2796 2795
v -0.4280 11.0566 0.0500
f 2793 2797 5893
f 5893 2797 2793
v -0.2236 11.2762 0.0500
f 2797 2798 5894
f 5894 2798 2797
v 0.0493 11.4007 0.0500
f 2798 2799 5895
f 5895 2799 2798
v -1.4917 9.7391 0.0500
f 2749 2800 5896
f 5896 2800 2749
v -1.3102 9.9780 0.0500
f 2800 2801 5897
f 5897 2801 2800
v -1.1287 10.2169 0.0500
f 2801 2802 5898
f 5898 2802 2801
v -0.8344 10.2749 0.0500
f 2802 2803 5899
f 5899 2803 2802
v -0.5836 10.4396 0.0500
f 2803 2804 5900
f 5900 2804 2803
v -1.1287 10.2169 0.0500
f 2801 2805 5901
f 5901 2805 2801
v -1.0500 10.5064 0.0500
f 2805 2806 5902
f 5902 2806 2805
v -0.8736 10.7491 0.0500
f 2806 2807 5903
f 5903 2807 2806
v -1.1287 10.2169 0.0500
f 2801 2808 5904
f 5904 2808 2801
v -0.9629 10.4669 0.0500
f 2808 2809 5905
f 5905 2809 2808
v -0.7970 10.7169 0.0500
f 2809 2810 5906
f 5906 2810 2809
v -0.5024 10.7738 0.0500
f 2810 2811 5907
f 5907 2811 2810
v -0.2494 10.9349 0.0500
f 2811 2812 5908
f 5908 2812 2811
v -0.7970 10.7169 0.0500
f 2809 2813 5909
f 5909 2813 2809
v -0.7445 11.0123 0.0500
f 2813 2814 5910
f 5910 2814 2813
v -0.5832 11.2652 0.0500
f 2814 2815 5911
f 5911 2815 2814
v -0.7970 10.7169 0.0500
f 2809 2816 5912
f 5912 2816 2809
v -0.8666 11.0087 0.0500
f 2816 2817 5913
f 5913 2817 2816
v -0.9363 11.3005 0.0500
f 2817 2818 5914
f 5914 2818 2817
v -1.2126 11.4173 0.0500
f 2818 2819 5915
f 5915 2819 2818
v -0.9363 11.3005 0.0500
f 2817 2820 5916
f 5916 2820 2817
v -0.9172 11.5999 0.0500
f 2820 2821 5917
f 5917 2821 2820
v -0.9363 11.3005 0.0500
f 2817 2822 5918
f 5918 2822 2817
v -0.8924 11.5973 0.0500
f 2822 2823 5919
f 5919 2823 2822
v -0.8485 11.8940 0.0500
f 2823 2824 5920
f 5920 2824 2823
v -1.0485 12.1176 0.0500
f 2824 2825 5921
f 5921 2825 2824
v -1.1640 12.3945 0.0500
f 2825 2826 5922
f 5922 2826 2825
v -0.8485 11.8940 0.0500
f 2823 2827 5923
f 5923 2827 2823
v -0.6954 12.1520 0.0500
f 2827 2828 5924
f 5924 2828 2827
v -0.6553 12.4493 0.0500
f 2828 2829 5925
f 5925 2829 2828
v -0.8485 11.8940 0.0500
f 2823 2830 5926
f 5926 2830 2823
v -0.6939 12.1512 0.0500
f 2830 2831 5927
f 5927 2831 2830
v -0.5394 12.4083 0.0500
f 2831 2832 5928
f 5928 2832 2831
v -0.6039 12.7013 0.0500
f 2832 2833 5929
f 5929 2833 2832
v -0.5480 12.9961 0.0500
f 2833 2834 5930
f 5930 2834 2833
v -0.5394 12.4083 0.0500
f 2831 2835 5931
f 5931 2835 2831
v -0.2811 12.5609 0.0500
f 2835 2836 5932
f 5932 2836 2835
v -0.1166 12.8118 0.0500
f 2836 2837 5933
f 5933 2837 2836
v -0.7970 10.7169 0.0500
f 2809 2838 5934
f 5934 2838 2809
v -0.5264 10.8464 0.0500
f 2838 2839 5935
f 5935 2839 2838
v -0.2557 10.9758 0.0500
f 2839 2840 5936
f 5936 2840 2839
v -0.1470 11.2554 0.0500
f 2840 2841 5937
f 5937 2841 2840
v -0.2557 10.9758 0.0500
f 2839 2842 5938
f 5938 2842 2839
v 0.0426 11.0072 0.0500
f 2842 2843 5939
f 5939 2843 2842
v -0.2557 10.9758 0.0500
f 2839 2844 5940
f 5940 2844 2839
v -0.0455 11.1899 0.0500
f 2844 2845 5941
f 5941 2845 2844
v 0.1647 11.4039 0.0500
f 2845 2846 5942
f 5942 2846 2845
v 0.1556 11.7038 0.0500
f 2846 2847 5943
f 5943 2847 2846
v 0.1647 11.4039 0.0500
f 2845 2848 5944
f 5944 2848 2845
v 0.4299 11.5440 0.0500
f 2848 2849 5945
f 5945 2849 2848
v 0.1647 11.4039 0.0500
f 2845 2850 5946
f 5946 2850 2845
v 0.2561 11.6897 0.0500
f 2850 2851 5947
f 5947 2851 2850
v 0.3476 11.9754 0.0500
f 2851 2852 5948
f 5948 2852 2851
v 0.2042 12.2389 0.0500
f 2852 2853 5949
f 5949 2853 2852
v 0.3476 11.9754 0.0500
f 2851 2854 5950
f 5950 2854 2851
v 0.5589 12.1883 0.0500
f 2854 2855 5951
f 5951 2855 2854
v -0.7970 10.7169 0.0500
f 2809 2856 5952
f 5952 2856 2809
v -0.8118 11.0165 0.0500
f 2856 2857 5953
f 5953 2857 2856
v -0.8267 11.3161 0.0500
f 2857 2858 5954
f 5954 2858 2857
v -1.0419 11.5251 0.0500
f 2858 2859 5955
f 5955 2859 2858
v -0.8267 11.3161 0.0500
f 2857 2860 5956
f 5956 2860 2857
v -0.7396 11.6032 0.0500
f 2860 2861 5957
f 5957 2861 2860
v -0.8267 11.3161 0.0500
f 2857 2862 5958
f 5958 2862 2857
v -0.8569 11.6146 0.0500
f 2862 2863 5959
f 5959 2863 2862
v -0.8872 11.9131 0.0500
f 2863 2864 5960
f 5960 2864 2863
v -1.0989 12.1257 0.0500
f 2864 2865 5961
f 5961 2865 2864
v -0.8872 11.9131 0.0500
f 2863 2866 5962
f 5962 2866 2863
v -0.8012 12.2005 0.0500
f 2866 2867 5963
f 5963 2867 2866
v -0.8872 11.9131 0.0500
f 2863 2868 5964
f 5964 2868 2863
v -0.7016 12.1488 0.0500
f 2868 2869 5965
f 5965 2869 2868
v -0.5161 12.3846 0.0500
f 2869 2870 5966
f 5966 2870 2869
v -0.2210 12.4388 0.0500
f 2870 2871 5967
f 5967 2871 2870
v 0.0194 12.6182 0.0500
f 2871 2872 5968
f 5968 2872 2871
v -0.5161 12.3846 0.0500
f 2869 2873 5969
f 5969 2873 2869
v -0.4560 12.6785 0.0500
f 2873 2874 5970
f 5970 2874 2873
v -0.3091 12.9401 0.0500
f 2874 2875 5971
f 5971 2875 2874
v -0.5161 12.3846 0.0500
f 2869 2876 5972
f 5972 2876 2869
v -0.4450 12.6760 0.0500
f 2876 2877 5973
f 5973 2877 2876
v -0.3739 12.9675 0.0500
f 2877 2878 5974
f 5974 2878 2877
v -0.0972 13.0832 0.0500
f 2878 2879 5975
f 5975 2879 2878
v 0.1112 13.2991 0.0500
f 2879 2880 5976
f 5976 2880 2879
v -0.3739 12.9675 0.0500
f 2877 2881 5977
f 5977 2881 2877
v -0.4161 13.2645 0.0500
f 2881 2882 5978
f 5978 2882 2881
v -0.3591 13.5590 0.0500
f 2882 2883 5979
f 5979 2883 2882
v -0.3739 12.9675 0.0500
f 2877 2884 5980
f 5980 2884 2877
v -0.4434 13.2593 0.0500
f 2884 2885 5981
f 5981 2885 2884
v -0.5128 13.5512 0.0500
f 2885 2886 5982
f 5982 2886 2885
v -0.7701 13.7054 0.0500
f 2886 2887 5983
f 5983 2887 2886
v -0.9300 13.9593 0.0500
f 2887 2888 5984
f 5984 2888 2887
v -0.5128 13.5512 0.0500
f 2885 2889 5985
f 5985 2889 2885
v -0.4776 13.8491 0.0500
f 2889 2890 5986
f 5986 2890 2889
v -0.5365 14.1433 0.0500
f 2890 2891 5987
f 5987 2891 2890
v -0.8872 11.9131 0.0500
f 2863 2892 5988
f 5988 2892 2863
v -1.0485 12.1660 0.0500
f 2892 2893 5989
f 5989 2893 2892
v -1.2097 12.4190 0.0500
f 2893 2894 5990
f 5990 2894 2893
v -1.5001 12.4945 0.0500
f 2894 2895 5991
f 5991 2895 2894
v -1.7314 12.6855 0.0500
f 2895 2896 5992
f 5992 2896 2895
v -1.2097 12.4190 0.0500
f 2893 2897 5993
f 5993 2897 2893
v -1.2850 12.7094 0.0500
f 2897 2898 5994
f 5994 2898 2897
v -1.4455 12.9629 0.0500
f 2898 2899 5995
f 5995 2899 2898
v -1.2097 12.4190 0.0500
f 2893 2900 5996
f 5996 2900 2893
v -1.2731 12.7122 0.0500
f 2900 2901 5997
f 5997 2901 2900
v -1.3365 13.0055 0.0500
f 2901 2902 5998
f 5998 2902 2901
v -1.5797 13.1811 0.0500
f 2902 2903 5999
f 5999 2903 2902
v -1.7362 13.4370 0.0500
f 2903 2904 6000
f 6000 2904 2903
v -1.3365 13.0055 0.0500
f 2901 2905 6001
f 6001 2905 2901
v -1.2402 13.2896 0.0500
f 2905 2906 6002
f 6002 2906 2905
v -1.2814 13.5868 0.0500
f 2906 2907 6003
f 6003 2907 2906
v -1.3365 13.0055 0.0500
f 2901 2908 6004
f 6004 2908 2901
v -1.2446 13.2911 0.0500
f 2908 2909 6005
f 6005 2909 2908
v -1.1528 13.5767 0.0500
f 2909 2910 6006
f 6006 2910 2909
v -0.8745 13.6885 0.0500
f 2910 2911 6007
f 6007 2911 2910
v -0.6602 13.8985 0.0500
f 2911 2912 6008
f 6008 2912 2911
v -1.1528 13.5767 0.0500
f 2909 2913 6009
f 6009 2913 2909
v -1.1463 13.8766 0.0500
f 2913 2914 6010
f 6010 2914 2913
v -1.0402 14.1572 0.0500
f 2914 2915 6011
f 6011 2915 2914
v -0.8872 11.9131 0.0500
f 2863 2916 6012
f 6012 2916 2863
v -0.8273 12.2070 0.0500
f 2916 2917 6013
f 6013 2917 2916
v -0.7674 12.5010 0.0500
f 2917 2918 6014
f 6014 2918 2917
v -0.9302 12.7530 0.0500
f 2918 2919 6015
f 6015 2919 2918
v -0.9923 13.0465 0.0500
f 2919 2920 6016
f 6016 2920 2919
v -0.7674 12.5010 0.0500
f 2917 2921 6017
f 6017 2921 2917
v -0.6372 12.7713 0.0500
f 2921 2922 6018
f 6018 2922 2921
v -0.6074 13.0698 0.0500
f 2922 2923 6019
f 6019 2923 2922
v -0.7674 12.5010 0.0500
f 2917 2924 6020
f 6020 2924 2917
v -0.7432 12.8000 0.0500
f 2924 2925 6021
f 6021 2925 2924
v -0.7191 13.0991 0.0500
f 2925 2926 6022
f 6022 2926 2925
v -0.4938 13.2971 0.0500
f 2926 2927 6023
f 6023 2927 2926
v -0.3606 13.5660 0.0500
f 2927 2928 6024
f 6024 2928 2927
v -0.7191 13.0991 0.0500
f 2925 2929 6025
f 6025 2929 2925
v -0.8202 13.3815 0.0500
f 2929 2930 6026
f 6026 2930 2929
v -0.7818 13.6790 0.0500
f 2930 2931 6027
f 6027 2931 2930
v -0.7191 13.0991 0.0500
f 2925 2932 6028
f 6028 2932 2925
v -0.5037 13.3079 0.0500
f 2932 2933 6029
f 6029 2933 2932
v -0.2884 13.5168 0.0500
f 2933 2934 6030
f 6030 2934 2933
v 0.0116 13.5210 0.0500
f 2934 2935 6031
f 6031 2935 2934
v 0.2949 13.6196 0.0500
f 2935 2936 6032
f 6032 2936 2935
v -0.2884 13.5168 0.0500
f 2933 2937 6033
f 6033 2937 2933
v -0.1917 13.8008 0.0500
f 2937 2938 6034
f 6034 2938 2937
v 0.0057 14.0267 0.0500
f 2938 2939 6035
f 6035 2939 2938
v -0.2884 13.5168 0.0500
f 2933 2940 6036
f 6036 2940 2933
v -0.1805 13.7967 0.0500
f 2940 2941 6037
f 6037 2941 2940
v -0.0726 14.0767 0.0500
f 2941 2942 6038
f 6038 2942 2941
v -0.1939 14.3510 0.0500
f 2942 2943 6039
f 6039 2943 2942
v -0.2173 14.6501 0.0500
f 2943 2944 6040
f 6040 2944 2943
v -0.0726 14.0767 0.0500
f 2941 2945 6041
f 6041 2945 2941
v 0.1502 14.2776 0.0500
f 2945 2946 6042
f 6042 2946 2945
v 0.2555 14.5585 0.0500
f 2946 2947 6043
f 6043 2947 2946
v -0.0726 14.0767 0.0500
f 2941 2948 6044
f 6044 2948 2941
v -0.0779 14.3766 0.0500
f 2948 2949 6045
f 6045 2949 2948
v -0.0832 14.6766 0.0500
f 2949 2950 6046
f 6046 2950 2949
v -0.3164 14.8652 0.0500
f 2950 2951 6047
f 6047 2951 2950
v -0.4812 15.1159 0.0500
f 2951 2952 6048
f 6048 2952 2951
v -0.0832 14.6766 0.0500
f 2949 2953 6049
f 6049 2953 2949
v 0.0093 14.9619 0.0500
f 2953 2954 6050
f 6050 2954 2953
v 0.0048 15.2619 0.0500
f 2954 2955 6051
f 6051 2955 2954
v -0.7191 13.0991 0.0500
f 2925 2956 6052
f 6052 2956 2925
v -0.7983 13.3884 0.0500
f 2956 2957 6053
f 6053 2957 2956
v -0.8776 13.6777 0.0500
f 2957 2958 6054
f 6054 2958 2957
v -0.7232 13.9350 0.0500
f 2958 2959 6055
f 6055 2959 2958
v -0.6644 14.2292 0.0500
f 2959 2960 6056
f 6056 2960 2959
v -0.8776 13.6777 0.0500
f 2957 2961 6057
f 6057 2961 2957
v -1.0291 13.9367 0.0500
f 2961 2962 6058
f 6058 2962 2961
v -1.0882 14.2308 0.0500
f 2962 2963 6059
f 6059 2963 2962
v -0.8776 13.6777 0.0500
f 2957 2964 6060
f 6060 2964 2957
v -0.8255 13.9732 0.0500
f 2964 2965 6061
f 6061 2965 2964
v -0.7735 14.2687 0.0500
f 2965 2966 6062
f 6062 2966 2965
v -0.9585 14.5048 0.0500
f 2966 2967 6063
f 6063 2967 2966
v -1.0352 14.7949 0.0500
f 2967 2968 6064
f 6064 2968 2967
v -0.7735 14.2687 0.0500
f 2965 2969 6065
f 6065 2969 2965
v -0.6386 14.5366 0.0500
f 2969 2970 6066
f 6066 2970 2969
v -0.6283 14.8364 0.0500
f 2970 2971 6067
f 6067 2971 2970
v -0.7735 14.2687 0.0500
f 2965 2972 6068
f 6068 2972 2965
v -0.6480 14.5411 0.0500
f 2972 2973 6069
f 6069 2973 2972
v -0.5224 14.8136 0.0500
f 2973 2974 6070
f 6070 2974 2973
v -0.5996 15.1035 0.0500
f 2974 2975 6071
f 6071 2975 2974
v -0.5621 15.4011 0.0500
f 2975 2976 6072
f 6072 2976 2975
v -0.5224 14.8136 0.0500
f 2973 2977 6073
f 6073 2977 2973
v -0.2696 14.9751 0.0500
f 2977 2978 6074
f 6074 2978 2977
v -0.1188 15.2345 0.0500
f 2978 2979 6075
f 6075 2979 2978
v -0.7970 10.7169 0.0500
f 2809 2980 6076
f 6076 2980 2809
v -0.5295 10.8527 0.0500
f 2980 2981 6077
f 6077 2981 2980
v -0.2620 10.9885 0.0500
f 2981 2982 6078
f 6078 2982 2981
v 0.0260 10.9044 0.0500
f 2982 2983 6079
f 6079 2983 2982
v 0.3243 10.9364 0.0500
f 2983 2984 6080
f 6080 2984 2983
v -0.2620 10.9885 0.0500
f 2981 2985 6081
f 6081 2985 2981
v -0.0551 11.2058 0.0500
f 2985 2986 6082
f 6082 2986 2985
v 0.2278 11.3057 0.0500
f 2986 2987 6083
f 6083 2987 2986
v -0.2620 10.9885 0.0500
f 2981 2988 6084
f 6084 2988 2981
v 0.0118 11.1111 0.0500
f 2988 2989 6085
f 6085 2989 2988
v 0.2857 11.2336 0.0500
f 2989 2990 6086
f 6086 2990 2989
v 0.5660 11.1268 0.0500
f 2990 2991 6087
f 6087 2991 2990
v 0.8658 11.1152 0.0500
f 2991 2992 6088
f 6088 2992 2991
v 0.2857 11.2336 0.0500
f 2989 2993 6089
f 6089 2993 2989
v 0.4974 11.4461 0.0500
f 2993 2994 6090
f 6090 2994 2993
v 0.7709 11.5695 0.0500
f 2994 2995 6091
f 6091 2995 2994
v 0.2857 11.2336 0.0500
f 2989 2996 6092
f 6092 2996 2989
v 0.5734 11.1487 0.0500
f 2996 2997 6093
f 6093 2997 2996
v 0.8611 11.0638 0.0500
f 2997 2998 6094
f 6094 2998 2997
v 1.0089 10.8027 0.0500
f 2998 2999 6095
f 6095 2999 2998
v 1.2429 10.6149 0.0500
f 2999 3000 6096
f 6096 3000 2999
v 0.8611 11.0638 0.0500
f 2997 3001 6097
f 6097 3001 2997
v 1.1611 11.0689 0.0500
f 3001 3002 6098
f 6098 3002 3001
v 1.4457 10.9739 0.0500
f 3002 3003 6099
f 6099 3003 3002
v 0.8611 11.0638 0.0500
f 2997 3004 6100
f 6100 3004 2997
v 1.1602 11.0875 0.0500
f 3004 3005 6101
f 6101 3005 3004
v 1.4593 11.1112 0.0500
f 3005 3006 6102
f 6102 3006 3005
v 1.6876 10.9166 0.0500
f 3006 3007 6103
f 6103 3007 3006
v 1.9725 10.8228 0.0500
f 3007 3008 6104
f 6104 3008 3007
v 1.4593 11.1112 0.0500
f 3005 3009 6105
f 6105 3009 3005
v 1.7206 11.2585 0.0500
f 3009 3010 6106
f 6106 3010 3009
v 2.0158 11.3120 0.0500
f 3010 3011 6107
f 6107 3011 3010
v 1.4593 11.1112 0.0500
f 3005 3012 6108
f 6108 3012 3005
v 1.7085 11.2782 0.0500
f 3012 3013 6109
f 6109 3013 3012
v 1.9577 11.4452 0.0500
f 3013 3014 6110
f 6110 3014 3013
v 2.0444 11.7324 0.0500
f 3014 3015 6111
f 6111 3015 3014
v 1.9577 11.4452 0.0500
f 3013 3016 6112
f 6112 3016 3013
v 2.2443 11.5338 0.0500
f 3016 3017 6113
f 6113 3017 3016
v 0.2857 11.2336 0.0500
f 2989 3018 6114
f 6114 3018 2989
v 0.4899 11.4534 0.0500
f 3018 3019 6115
f 6115 3019 3018
v 0.6941 11.6732 0.0500
f 3019 3020 6116
f 6116 3020 3019
v 0.6765 11.9726 0.0500
f 3020 3021 6117
f 6117 3021 3020
v 0.6941 11.6732 0.0500
f 3019 3022 6118
f 6118 3022 3019
v 0.9619 11.8083 0.0500
f 3022 3023 6119
f 6119 3023 3022
v 0.6941 11.6732 0.0500
f 3019 3024 6120
f 6120 3024 3019
v 0.9465 11.8353 0.0500
f 3024 3025 6121
f 6121 3025 3024
v 1.1989 11.9973 0.0500
f 3025 3026 6122
f 6122 3026 3025
v 1.2435 12.2940 0.0500
f 3026 3027 6123
f 6123 3027 3026
v 1.1989 11.9973 0.0500
f 3025 3028 6124
f 6124 3028 3025
v 1.4946 12.0482 0.0500
f 3028 3029 6125
f 6125 3029 3028
v 1.1989 11.9973 0.0500
f 3025 3030 6126
f 6126 3030 3025
v 1.4944 12.0494 0.0500
f 3030 3031 6127
f 6127 3031 3030
v 1.7899 12.1014 0.0500
f 3031 3032 6128
f 6128 3032 3031
v 1.9690 12.3420 0.0500
f 3032 3033 6129
f 6129 3033 3032
v 2.2331 12.4843 0.0500
f 3033 3034 6130
f 6130 3034 3033
v 1.7899 12.1014 0.0500
f 3031 3035 6131
f 6131 3035 3031
v 2.0724 12.0004 0.0500
f 3035 3036 6132
f 6132 3036 3035
v 2.3711 12.0274 0.0500
f 3036 3037 6133
f 6133 3037 3036
v 0.2857 11.2336 0.0500
f 2989 3038 6134
f 6134 3038 2989
v 0.4911 11.4523 0.0500
f 3038 3039 6135
f 6135 3039 3038
v 0.6964 11.6709 0.0500
f 3039 3040 6136
f 6136 3040 3039
v 0.6785 11.9704 0.0500
f 3040 3041 6137
f 6137 3041 3040
v 0.7518 12.2613 0.0500
f 3041 3042 6138
f 6138 3042 3041
v 0.6964 11.6709 0.0500
f 3039 3043 6139
f 6139 3043 3039
v 0.9676 11.7992 0.0500
f 3043 3044 6140
f 6140 3044 3043
v 1.1519 12.0360 0.0500
f 3044 3045 6141
f 6141 3045 3044
v 0.6964 11.6709 0.0500
f 3039 3046 6142
f 6142 3046 3039
v 0.9120 11.8796 0.0500
f 3046 3047 6143
f 6143 3047 3046
v 1.1275 12.0883 0.0500
f 3047 3048 6144
f 6144 3048 3047
v 1.4269 12.0686 0.0500
f 3048 3049 6145
f 6145 3049 3048
v 1.7103 12.1670 0.0500
f 3049 3050 6146
f 6146 3050 3049
v 1.1275 12.0883 0.0500
f 3047 3051 6147
f 6147 3051 3047
v 1.2358 12.3680 0.0500
f 3051 3052 6148
f 6148 3052 3051
v 1.4608 12.5664 0.0500
f 3052 3053 6149
f 6149 3053 3052
v 1.1275 12.0883 0.0500
f 3047 3054 6150
f 6150 3054 3047
v 1.1247 12.3882 0.0500
f 3054 3055 6151
f 6151 3055 3054
v 1.1219 12.6882 0.0500
f 3055 3056 6152
f 6152 3056 3055
v 0.9194 12.9096 0.0500
f 3056 3057 6153
f 6153 3057 3056
v 1.1219 12.6882 0.0500
f 3055 3058 6154
f 6154 3058 3055
v 1.2533 12.9580 0.0500
f 3058 3059 6155
f 6155 3059 3058
v 1.1219 12.6882 0.0500
f 3055 3060 6156
f 6156 3060 3055
v 1.2512 12.9589 0.0500
f 3060 3061 6157
f 6157 3061 3060
v 1.3806 13.2296 0.0500
f 3061 3062 6158
f 6158 3062 3061
v 1.2558 13.5025 0.0500
f 3062 3063 6159
f 6159 3063 3062
v 1.2683 13.8022 0.0500
f 3063 3064 6160
f 6160 3064 3063
v 1.3806 13.2296 0.0500
f 3061 3065 6161
f 6161 3065 3061
v 1.5922 13.4422 0.0500
f 3065 3066 6162
f 6162 3066 3065
v 1.7051 13.7202 0.0500
f 3066 3067 6163
f 6163 3067 3066
v 1.3806 13.2296 0.0500
f 3061 3068 6164
f 6164 3068 3061
v 1.6148 13.4170 0.0500
f 3068 3069 6165
f 6165 3069 3068
v 1.8491 13.6044 0.0500
f 3069 3070 6166
f 6166 3070 3069
v 1.8722 13.9035 0.0500
f 3070 3071 6167
f 6167 3071 3070
v 1.8491 13.6044 0.0500
f 3069 3072 6168
f 6168 3072 3069
v 2.1440 13.6597 0.0500
f 3072 3073 6169
f 6169 3073 3072
v 1.1275 12.0883 0.0500
f 3047 3074 6170
f 6170 3074 3047
v 1.4213 12.1489 0.0500
f 3074 3075 6171
f 6171 3075 3074
v 1.7152 12.2095 0.0500
f 3075 3076 6172
f 6172 3076 3075
v 1.8513 12.4768 0.0500
f 3076 3077 6173
f 6173 3077 3076
v 2.0856 12.6642 0.0500
f 3077 3078 6174
f 6174 3078 3077
v 1.7152 12.2095 0.0500
f 3075 3079 6175
f 6175 3079 3075
v 2.0117 12.1638 0.0500
f 3079 3080 6176
f 6176 3080 3079
v 2.3065 12.2189 0.0500
f 3080 3081 6177
f 6177 3081 3080
v 1.7152 12.2095 0.0500
f 3075 3082 6178
f 6178 3082 3075
v 1.9400 12.4081 0.0500
f 3082 3083 6179
f 6179 3083 3082
v 2.1649 12.6067 0.0500
f 3083 3084 6180
f 6180 3084 3083
v 2.4649 12.6038 0.0500
f 3084 3085 6181
f 6181 3085 3084
v 2.7458 12.7091 0.0500
f 3085 3086 6182
f 6182 3086 3085
v 2.1649 12.6067 0.0500
f 3083 3087 6183
f 6183 3087 3083
v 2.2756 12.8855 0.0500
f 3087 3088 6184
f 6184 3088 3087
v 2.4837 13.1016 0.0500
f 3088 3089 6185
f 6185 3089 3088
v 2.1649 12.6067 0.0500
f 3083 3090 6186
f 6186 3090 3083
v 2.2882 12.8802 0.0500
f 3090 3091 6187
f 6187 3091 3090
v 2.4115 13.1536 0.0500
f 3091 3092 6188
f 6188 3092 3091
v 2.6962 13.2483 0.0500
f 3092 3093 6189
f 6189 3093 3092
v 2.9193 13.4489 0.0500
f 3093 3094 6190
f 6190 3094 3093
v 2.4115 13.1536 0.0500
f 3091 3095 6191
f 6191 3095 3091
v 2.3913 13.4530 0.0500
f 3095 3096 6192
f 6192 3096 3095
v 2.5045 13.7308 0.0500
f 3096 3097 6193
f 6193 3097 3096
